-- phpMyAdmin SQL Dump
-- version 4.6.5.2
-- https://www.phpmyadmin.net/
--
-- Host: localhost
-- Generation Time: May 11, 2017 at 07:26 PM
-- Server version: 10.1.21-MariaDB
-- PHP Version: 5.6.30

SET SQL_MODE = "NO_AUTO_VALUE_ON_ZERO";
SET time_zone = "+00:00";


/*!40101 SET @OLD_CHARACTER_SET_CLIENT=@@CHARACTER_SET_CLIENT */;
/*!40101 SET @OLD_CHARACTER_SET_RESULTS=@@CHARACTER_SET_RESULTS */;
/*!40101 SET @OLD_COLLATION_CONNECTION=@@COLLATION_CONNECTION */;
/*!40101 SET NAMES utf8mb4 */;
-- --------------------------------------------------------

--
-- Dumping data for table `blogs`
--

INSERT INTO `blogs` (`id`, `user_id`, `status`, `image`, `alias`, `created_at`, `updated_at`) VALUES
(3, 1, 1, 'no_image.jpg', 'we-love-to-taste-new-things', '2017-02-22 19:48:42', '2017-02-22 19:48:42'),
(4, 1, 1, 'no_image.jpg', 'something-to-write-about', '2017-02-22 19:50:02', '2017-02-22 19:50:02'),
(5, 1, 1, 'no_image.jpg', 'this-is-first-blog-post', '2017-05-03 04:00:00', NULL);

-- --------------------------------------------------------

--
-- Dumping data for table `blog_contents`
--

INSERT INTO `blog_contents` (`id`, `blog_id`, `language_id`, `title`, `content`) VALUES
(1, 3, 1, 'This is first blog post! ', 'Cras sit amet nunc in augue varius efficitur vel sollicitudin ipsum. Morbi posuere accumsan odio eleifend pellentesque. Proin vulputate finibus posuere. Nullam auctor pellentesque libero, ut viverra metus pellentesque vitae. Nullam vel tortor turpis. Proin porta tincidunt sodales. Aenean posuere nulla eu metus rutrum, eu sollicitudin tellus volutpat. Donec sed mollis arcu, eget mollis sem. Curabitur ligula neque, gravida eu sagittis eleifend, elementum id orci. Maecenas posuere mauris ac nisl venenatis ornare. Phasellus vel rhoncus elit. Vivamus id tortor tincidunt, malesuada nisl et, bibendum leo.'),
(4, 4, 1, 'Something to write about!', 'Proin auctor consectetur ex, eget ultricies tortor lobortis porta. Morbi nunc risus, commodo a ultricies ac, dictum quis mauris. Ut facilisis viverra scelerisque. Suspendisse lacinia orci in tellus interdum vehicula. Maecenas iaculis enim at tortor fermentum, nec cursus nisl facilisis. '),
(7, 5, 1, 'We love to taste new things!', 'Ut consectetur faucibus justo, eu tristique diam auctor et. Phasellus vitae semper nulla. Sed nisl elit, vulputate sed velit nec, gravida pharetra quam. Aenean mattis neque ut urna maximus, at suscipit lorem ultrices. Fusce felis ex, pulvinar at neque ut, faucibus rutrum mauris. Vivamus cursus enim id tortor porta malesuada.');

-- --------------------------------------------------------

--
-- Dumping data for table `categories`
--

INSERT INTO `categories` (`id`, `featured_image`, `map_icon`, `alias`) VALUES
(1, NULL, 'fa-building', 'hotel'),
(2, NULL, 'fa-home', 'house'),
(3, NULL, 'fa-home', 'villa'),
(4, NULL, 'fa-home', 'hostel'),
(5, NULL, 'fa-cutlery', 'restaurant'),
(6, NULL, 'fa-glass', 'bar'),
(7, NULL, 'fa-headphones', 'night-club'),
(8, NULL, 'fa-bank', 'museum'),
(9, NULL, 'fa-ticket', 'theater'),
(10, NULL, 'fa-movie', 'cinema');

-- --------------------------------------------------------

--
-- Dumping data for table `category_contents`
--

INSERT INTO `category_contents` (`id`, `category_id`, `language_id`, `name`, `description`) VALUES
(1, 1, 1, 'Hotel', 'Ut consectetur faucibus justo, eu tristique diam auctor et. Phasellus vitae semper nulla. Sed nisl elit, vulputate sed velit nec, gravida pharetra quam. Aenean mattis neque ut urna maximus, at suscipit lorem ultrices. Fusce felis ex, pulvinar at neque ut, faucibus rutrum mauris. Vivamus cursus enim id tortor porta malesuada.'),
(4, 2, 1, 'House', 'Ut consectetur faucibus justo, eu tristique diam auctor et. Phasellus vitae semper nulla. Sed nisl elit, vulputate sed velit nec, gravida pharetra quam. Aenean mattis neque ut urna maximus, at suscipit lorem ultrices. Fusce felis ex, pulvinar at neque ut, faucibus rutrum mauris. Vivamus cursus enim id tortor porta malesuada.'),
(7, 3, 1, 'Villa', 'Ut consectetur faucibus justo, eu tristique diam auctor et. Phasellus vitae semper nulla. Sed nisl elit, vulputate sed velit nec, gravida pharetra quam. Aenean mattis neque ut urna maximus, at suscipit lorem ultrices. Fusce felis ex, pulvinar at neque ut, faucibus rutrum mauris. Vivamus cursus enim id tortor porta malesuada.'),
(10, 4, 1, 'Hostel', 'Ut consectetur faucibus justo, eu tristique diam auctor et. Phasellus vitae semper nulla. Sed nisl elit, vulputate sed velit nec, gravida pharetra quam. Aenean mattis neque ut urna maximus, at suscipit lorem ultrices. Fusce felis ex, pulvinar at neque ut, faucibus rutrum mauris. Vivamus cursus enim id tortor porta malesuada.'),
(13, 5, 1, 'Restaurant', 'Ut consectetur faucibus justo, eu tristique diam auctor et. Phasellus vitae semper nulla. Sed nisl elit, vulputate sed velit nec, gravida pharetra quam. Aenean mattis neque ut urna maximus, at suscipit lorem ultrices. Fusce felis ex, pulvinar at neque ut, faucibus rutrum mauris. Vivamus cursus enim id tortor porta malesuada.'),
(16, 6, 1, 'Bar', 'Ut consectetur faucibus justo, eu tristique diam auctor et. Phasellus vitae semper nulla. Sed nisl elit, vulputate sed velit nec, gravida pharetra quam. Aenean mattis neque ut urna maximus, at suscipit lorem ultrices. Fusce felis ex, pulvinar at neque ut, faucibus rutrum mauris. Vivamus cursus enim id tortor porta malesuada.'),
(19, 7, 1, 'Night Club', 'Ut consectetur faucibus justo, eu tristique diam auctor et. Phasellus vitae semper nulla. Sed nisl elit, vulputate sed velit nec, gravida pharetra quam. Aenean mattis neque ut urna maximus, at suscipit lorem ultrices. Fusce felis ex, pulvinar at neque ut, faucibus rutrum mauris. Vivamus cursus enim id tortor porta malesuada.'),
(22, 8, 1, 'Museum', 'Ut consectetur faucibus justo, eu tristique diam auctor et. Phasellus vitae semper nulla. Sed nisl elit, vulputate sed velit nec, gravida pharetra quam. Aenean mattis neque ut urna maximus, at suscipit lorem ultrices. Fusce felis ex, pulvinar at neque ut, faucibus rutrum mauris. Vivamus cursus enim id tortor porta malesuada.'),
(25, 9, 1, 'Theater', 'Ut consectetur faucibus justo, eu tristique diam auctor et. Phasellus vitae semper nulla. Sed nisl elit, vulputate sed velit nec, gravida pharetra quam. Aenean mattis neque ut urna maximus, at suscipit lorem ultrices. Fusce felis ex, pulvinar at neque ut, faucibus rutrum mauris. Vivamus cursus enim id tortor porta malesuada.'),
(34, 10, 1, 'Cinema', 'Ut consectetur faucibus justo, eu tristique diam auctor et. Phasellus vitae semper nulla. Sed nisl elit, vulputate sed velit nec, gravida pharetra quam. Aenean mattis neque ut urna maximus, at suscipit lorem ultrices. Fusce felis ex, pulvinar at neque ut, faucibus rutrum mauris. Vivamus cursus enim id tortor porta malesuada.');

--
-- Dumping data for table `features`
--

INSERT INTO `features` (`id`, `feature`) VALUES
(1, '{\"1\":\"WiFi\"}'),
(2, '{\"1\":\"Parking\"}'),
(3, '{\"1\":\"Kitchen\"}'),
(4, '{\"1\":\"Smoking\"}'),
(5, '{\"1\":\"TV\"}'),
(6, '{\"1\":\"Fireplace\"}'),
(7, '{\"1\":\"Heating\"}'),
(8, '{\"1\":\"Pool\"}'),
(9, '{\"1\":\"Dryer\"}'),
(10, '{\"1\":\"Balcony\"}'),
(11, '{\"1\":\"Gym\"}'),
(12, '{\"1\":\"Wash Machine\"}'),
(14, '{\"1\":\"Phone\"}'),
(15, '{\"1\":\"Bar\"}'),
(16, '{\"1\":\"Restaurant\"}'),
(17, '{\"1\":\"Fax\"}');

-- --------------------------------------------------------

--
-- Dumping data for table `images`
--

INSERT INTO `images` (`id`, `image`, `imageable_id`, `imageable_type`) VALUES
(1, 'no_image.jpg', 4, 'App\\Models\\Admin\\Property'),
(2, 'no_image.jpg', 4, 'App\\Models\\Admin\\Property'),
(3, 'no_image.jpg', 4, 'App\\Models\\Admin\\Property'),
(4, 'no_image.jpg', 5, 'App\\Models\\Admin\\Property'),
(5, 'no_image.jpg', 5, 'App\\Models\\Admin\\Property'),
(6, 'no_image.jpg', 5, 'App\\Models\\Admin\\Property'),
(7, 'no_image.jpg', 6, 'App\\Models\\Admin\\Property'),
(8, 'no_image.jpg', 6, 'App\\Models\\Admin\\Property'),
(9, 'no_image.jpg', 7, 'App\\Models\\Admin\\Property'),
(10, 'no_image.jpg', 7, 'App\\Models\\Admin\\Property'),
(11, 'no_image.jpg', 8, 'App\\Models\\Admin\\Property'),
(12, 'no_image.jpg', 8, 'App\\Models\\Admin\\Property'),
(13, 'no_image.jpg', 8, 'App\\Models\\Admin\\Property'),
(14, 'no_image.jpg', 9, 'App\\Models\\Admin\\Property'),
(15, 'no_image.jpg', 9, 'App\\Models\\Admin\\Property'),
(16, 'no_image.jpg', 9, 'App\\Models\\Admin\\Property'),
(17, 'no_image.jpg', 10, 'App\\Models\\Admin\\Property'),
(18, 'no_image.jpg', 10, 'App\\Models\\Admin\\Property'),
(19, 'no_image.jpg', 11, 'App\\Models\\Admin\\Property'),
(20, 'no_image.jpg', 11, 'App\\Models\\Admin\\Property'),
(21, 'no_image.jpg', 11, 'App\\Models\\Admin\\Property'),
(22, 'no_image.jpg', 12, 'App\\Models\\Admin\\Property'),
(23, 'no_image.jpg', 12, 'App\\Models\\Admin\\Property'),
(24, 'no_image.jpg', 12, 'App\\Models\\Admin\\Property'),
(25, 'no_image.jpg', 1, 'App\\Models\\Admin\\Service'),
(26, 'no_image.jpg', 1, 'App\\Models\\Admin\\Service'),
(27, 'no_image.jpg', 1, 'App\\Models\\Admin\\Service'),
(28, 'no_image.jpg', 2, 'App\\Models\\Admin\\Service'),
(29, 'no_image.jpg', 2, 'App\\Models\\Admin\\Service'),
(30, 'no_image.jpg', 3, 'App\\Models\\Admin\\Service'),
(31, 'no_image.jpg', 3, 'App\\Models\\Admin\\Service'),
(32, 'no_image.jpg', 4, 'App\\Models\\Admin\\Service'),
(33, 'no_image.jpg', 4, 'App\\Models\\Admin\\Service'),
(34, 'no_image.jpg', 5, 'App\\Models\\Admin\\Service'),
(35, 'no_image.jpg', 6, 'App\\Models\\Admin\\Service'),
(36, 'no_image.jpg', 7, 'App\\Models\\Admin\\Service'),
(37, 'no_image.jpg', 8, 'App\\Models\\Admin\\Service'),
(38, 'no_image.jpg', 5, 'App\\Models\\Admin\\Service'),
(39, 'no_image.jpg', 7, 'App\\Models\\Admin\\Service'),
(40, 'no_image.jpg', 6, 'App\\Models\\Admin\\Service'),
(41, 'no_image.jpg', 8, 'App\\Models\\Admin\\Service'),
(45, 'no_image.jpg', 9, 'App\\Models\\Admin\\Service'),
(46, 'no_image.jpg', 9, 'App\\Models\\Admin\\Service');

-- --------------------------------------------------------

--
-- Table structure for table `languages`
--

INSERT INTO `languages` (`id`,`default`, `language`, `code`, `flag`) VALUES
(1, 1, 'English', 'en', 'us.png');
-- --------------------------------------------------------

--
-- Dumping data for table `locations`
--

INSERT INTO `locations` (`id`, `order`, `featured`, `home_image`, `featured_image`, `alias`) VALUES
(1, 1, 0, 'no_image.jpg', NULL, 'london'),
(2, 2, 1, 'no_image.jpg', NULL, 'paris'),
(3, 3, 0, 'no_image.jpg', NULL, 'new-york'),
(4, 4, 1, 'no_image.jpg', NULL, 'zurich'),
(5, 5, 0, 'no_image.jpg', NULL, 'kuala-lumpur'),
(6, 6, 1, 'no_image.jpg', NULL, 'california'),
(7, 7, 0, 'no_image.jpg', NULL, 'egypt'),
(8, 8, 0, 'no_image.jpg', NULL, 'sydney');

-- --------------------------------------------------------

--
-- Table structure for table `location_contents`
--

INSERT INTO `location_contents` (`id`, `location_id`, `language_id`, `location`, `description`) VALUES
(1, 1, 1, 'London', 'Ut consectetur faucibus justo, eu tristique diam auctor et. Phasellus vitae semper nulla. Sed nisl elit, vulputate sed velit nec, gravida pharetra quam. Aenean mattis neque ut urna maximus, at suscipit lorem ultrices. Fusce felis ex, pulvinar at neque ut, faucibus rutrum mauris. Vivamus cursus enim id tortor porta malesuada.'),
(4, 2, 1, 'Paris', 'Ut consectetur faucibus justo, eu tristique diam auctor et. Phasellus vitae semper nulla. Sed nisl elit, vulputate sed velit nec, gravida pharetra quam. Aenean mattis neque ut urna maximus, at suscipit lorem ultrices. Fusce felis ex, pulvinar at neque ut, faucibus rutrum mauris. Vivamus cursus enim id tortor porta malesuada.'),
(7, 3, 1, 'New York', 'Ut consectetur faucibus justo, eu tristique diam auctor et. Phasellus vitae semper nulla. Sed nisl elit, vulputate sed velit nec, gravida pharetra quam. Aenean mattis neque ut urna maximus, at suscipit lorem ultrices. Fusce felis ex, pulvinar at neque ut, faucibus rutrum mauris. Vivamus cursus enim id tortor porta malesuada.'),
(10, 4, 1, 'Zurich', 'Ut consectetur faucibus justo, eu tristique diam auctor et. Phasellus vitae semper nulla. Sed nisl elit, vulputate sed velit nec, gravida pharetra quam. Aenean mattis neque ut urna maximus, at suscipit lorem ultrices. Fusce felis ex, pulvinar at neque ut, faucibus rutrum mauris. Vivamus cursus enim id tortor porta malesuada.'),
(13, 5, 1, 'Kuala Lumpur', 'Ut consectetur faucibus justo, eu tristique diam auctor et. Phasellus vitae semper nulla. Sed nisl elit, vulputate sed velit nec, gravida pharetra quam. Aenean mattis neque ut urna maximus, at suscipit lorem ultrices. Fusce felis ex, pulvinar at neque ut, faucibus rutrum mauris. Vivamus cursus enim id tortor porta malesuada.'),
(16, 6, 1, 'California', 'Ut consectetur faucibus justo, eu tristique diam auctor et. Phasellus vitae semper nulla. Sed nisl elit, vulputate sed velit nec, gravida pharetra quam. Aenean mattis neque ut urna maximus, at suscipit lorem ultrices. Fusce felis ex, pulvinar at neque ut, faucibus rutrum mauris. Vivamus cursus enim id tortor porta malesuada.'),
(19, 7, 1, 'Egypt', 'Ut consectetur faucibus justo, eu tristique diam auctor et. Phasellus vitae semper nulla. Sed nisl elit, vulputate sed velit nec, gravida pharetra quam. Aenean mattis neque ut urna maximus, at suscipit lorem ultrices. Fusce felis ex, pulvinar at neque ut, faucibus rutrum mauris. Vivamus cursus enim id tortor porta malesuada.'),
(25, 8, 1, 'Sydney', 'Ut consectetur faucibus justo, eu tristique diam auctor et. Phasellus vitae semper nulla. Sed nisl elit, vulputate sed velit nec, gravida pharetra quam. Aenean mattis neque ut urna maximus, at suscipit lorem ultrices. Fusce felis ex, pulvinar at neque ut, faucibus rutrum mauris. Vivamus cursus enim id tortor porta malesuada.');

-- --------------------------------------------------------
--
-- Dumping data for table `pages`
--

INSERT INTO `pages` (`id`, `user_id`, `status`, `alias`, `created_at`, `updated_at`) VALUES
(1, 1, 1, 'about-us', '2017-05-11 14:51:24', '2017-05-11 14:51:24'),
(2, 1, 1, 'terms-of-use', '2017-05-11 14:51:24', '2017-05-11 14:51:24'),
(3, 1, 1, 'privacy-policy', '2017-05-11 14:51:24', '2017-05-11 14:51:24'),
(4, 1, 1, 'house-rules', '2017-05-11 14:51:24', '2017-05-11 14:51:24');

-- --------------------------------------------------------

--
-- Dumping data for table `page_contents`
--

INSERT INTO `page_contents` (`id`, `page_id`, `language_id`, `title`, `content`) VALUES
(1, 1, 1, 'About Us', '<p>Lorem ipsum dolor sit amet, consectetur adipiscing elit. Nam tellus odio, consectetur nec faucibus sit amet, vulputate quis odio. Curabitur a neque at quam efficitur facilisis sit amet at orci. Nullam nec maximus turpis, a dignissim tellus. Etiam a suscipit neque, eget ullamcorper nisi. Cras rhoncus blandit sagittis. Fusce tempor eros dui, placerat iaculis sem feugiat sit amet. Donec elementum velit facilisis, lacinia quam vitae, luctus felis. Vivamus eu pulvinar sem. Aenean in augue leo. Sed varius, lectus at dapibus placerat, arcu erat mollis metus, quis congue ipsum erat at tellus.<p>Praesent mattis sem vitae dapibus pharetra. Nullam ut est consequat, ornare ante at, porta nulla. Curabitur faucibus erat ac mi bibendum hendrerit nec eu metus. Donec turpis elit, sollicitudin nec ipsum quis, convallis convallis nibh. Praesent at metus aliquet, porttitor mauris interdum, condimentum sem. Cras nec odio et quam auctor condimentum non at nisl. Donec malesuada mi sit amet metus tristique condimentum. Nullam cursus dolor non augue fringilla, sit amet tempor velit imperdiet. Nam laoreet nunc nec porta ultricies. Proin cursus nulla at purus lobortis, vel blandit est ultrices. Cras lobortis, ante a cursus pretium, turpis justo cursus leo, sed bibendum arcu arcu ut odio. Duis sagittis interdum erat eu pharetra. Nulla quis urna ut mauris placerat porta.</p></p>\n'),
(4, 2, 1, 'Terms of Use', '<p>Lorem ipsum dolor sit amet, consectetur adipiscing elit. Nam tellus odio, consectetur nec faucibus sit amet, vulputate quis odio. Curabitur a neque at quam efficitur facilisis sit amet at orci. Nullam nec maximus turpis, a dignissim tellus. Etiam a suscipit neque, eget ullamcorper nisi. Cras rhoncus blandit sagittis. Fusce tempor eros dui, placerat iaculis sem feugiat sit amet. Donec elementum velit facilisis, lacinia quam vitae, luctus felis. Vivamus eu pulvinar sem. Aenean in augue leo. Sed varius, lectus at dapibus placerat, arcu erat mollis metus, quis congue ipsum erat at tellus.<p>Praesent mattis sem vitae dapibus pharetra. Nullam ut est consequat, ornare ante at, porta nulla. Curabitur faucibus erat ac mi bibendum hendrerit nec eu metus. Donec turpis elit, sollicitudin nec ipsum quis, convallis convallis nibh. Praesent at metus aliquet, porttitor mauris interdum, condimentum sem. Cras nec odio et quam auctor condimentum non at nisl. Donec malesuada mi sit amet metus tristique condimentum. Nullam cursus dolor non augue fringilla, sit amet tempor velit imperdiet. Nam laoreet nunc nec porta ultricies. Proin cursus nulla at purus lobortis, vel blandit est ultrices. Cras lobortis, ante a cursus pretium, turpis justo cursus leo, sed bibendum arcu arcu ut odio. Duis sagittis interdum erat eu pharetra. Nulla quis urna ut mauris placerat porta.</p></p>\r\n'),
(7, 3, 1, 'Privacy Policy', '<p>Lorem ipsum dolor sit amet, consectetur adipiscing elit. Nam tellus odio, consectetur nec faucibus sit amet, vulputate quis odio. Curabitur a neque at quam efficitur facilisis sit amet at orci. Nullam nec maximus turpis, a dignissim tellus. Etiam a suscipit neque, eget ullamcorper nisi. Cras rhoncus blandit sagittis. Fusce tempor eros dui, placerat iaculis sem feugiat sit amet. Donec elementum velit facilisis, lacinia quam vitae, luctus felis. Vivamus eu pulvinar sem. Aenean in augue leo. Sed varius, lectus at dapibus placerat, arcu erat mollis metus, quis congue ipsum erat at tellus.<p>Praesent mattis sem vitae dapibus pharetra. Nullam ut est consequat, ornare ante at, porta nulla. Curabitur faucibus erat ac mi bibendum hendrerit nec eu metus. Donec turpis elit, sollicitudin nec ipsum quis, convallis convallis nibh. Praesent at metus aliquet, porttitor mauris interdum, condimentum sem. Cras nec odio et quam auctor condimentum non at nisl. Donec malesuada mi sit amet metus tristique condimentum. Nullam cursus dolor non augue fringilla, sit amet tempor velit imperdiet. Nam laoreet nunc nec porta ultricies. Proin cursus nulla at purus lobortis, vel blandit est ultrices. Cras lobortis, ante a cursus pretium, turpis justo cursus leo, sed bibendum arcu arcu ut odio. Duis sagittis interdum erat eu pharetra. Nulla quis urna ut mauris placerat porta.</p></p>\r\n'),
(10, 4, 1, 'House Rules', '<p>Lorem ipsum dolor sit amet, consectetur adipiscing elit. Nam tellus odio, consectetur nec faucibus sit amet, vulputate quis odio. Curabitur a neque at quam efficitur facilisis sit amet at orci. Nullam nec maximus turpis, a dignissim tellus. Etiam a suscipit neque, eget ullamcorper nisi. Cras rhoncus blandit sagittis. Fusce tempor eros dui, placerat iaculis sem feugiat sit amet. Donec elementum velit facilisis, lacinia quam vitae, luctus felis. Vivamus eu pulvinar sem. Aenean in augue leo. Sed varius, lectus at dapibus placerat, arcu erat mollis metus, quis congue ipsum erat at tellus.<p>Praesent mattis sem vitae dapibus pharetra. Nullam ut est consequat, ornare ante at, porta nulla. Curabitur faucibus erat ac mi bibendum hendrerit nec eu metus. Donec turpis elit, sollicitudin nec ipsum quis, convallis convallis nibh. Praesent at metus aliquet, porttitor mauris interdum, condimentum sem. Cras nec odio et quam auctor condimentum non at nisl. Donec malesuada mi sit amet metus tristique condimentum. Nullam cursus dolor non augue fringilla, sit amet tempor velit imperdiet. Nam laoreet nunc nec porta ultricies. Proin cursus nulla at purus lobortis, vel blandit est ultrices. Cras lobortis, ante a cursus pretium, turpis justo cursus leo, sed bibendum arcu arcu ut odio. Duis sagittis interdum erat eu pharetra. Nulla quis urna ut mauris placerat porta.</p></p>\r\n');

-- --------------------------------------------------------

--
-- Dumping data for table `properties`
--

INSERT INTO `properties` (`id`, `user_id`, `category_id`, `type_id`, `location_id`, `status`, `featured`, `location`, `features`, `price_per_night`, `prices`, `fees`, `property_info`, `contact`, `social`, `guest_number`, `rooms`, `video`, `alias`, `created_at`, `updated_at`) VALUES
(4, 1, 3, NULL, 2, 0, 0, '{\"address\":\"377 Ridge Road\",\"city\":\"Dodge City\",\"state\":\"KS\",\"country\":\"United States\",\"geo_lon\":\"43.19157\",\"geo_lat\":\"-75.200394\"}', '[\"2\",\"5\",\"7\",\"10\",\"11\",\"14\",\"15\"]', 10, '{\"d_1\":\"11\",\"d_5\":\"10\",\"d_15\":\"9\",\"d_30\":\"8\"}', '{\"city_fee\":\"5\",\"cleaning_fee\":\"5\"}', '{\"size\":\"100\",\"guest_number\":\"5\",\"rooms\":\"4\",\"bedrooms\":\"3\",\"bathrooms\":\"3\"}', '{\"tel1\":\"+152 5644444\",\"tel2\":\"+152 5644444\",\"fax\":\"+152 5644444\",\"email\":\"info@example.com\",\"web\":\"http:\\/\\/example.com\"}', '{\"facebook\":\"#\",\"gplus\":\"#\",\"twitter\":\"#\",\"instagram\":\"#\",\"pinterest\":\"#\",\"linkedin\":\"#\"}', 2, 3, '', 'huge-sunny-vila', '2017-02-22 18:35:41', '2017-03-26 10:33:58'),
(5, 1, 3, NULL, 3, 1, 0, '{\"address\":\"4177 Hillside Drive\",\"city\":\"Lexington\",\"state\":\"MA\",\"country\":\"United States\",\"geo_lon\":\"42.351171\",\"geo_lat\":\"-71.278176\"}', '[\"2\",\"5\",\"7\",\"10\",\"11\",\"14\",\"15\"]', 12, '{\"d_1\":\"11\",\"d_5\":\"10\",\"d_15\":\"9\",\"d_30\":\"8\"}', '{\"city_fee\":\"5\",\"cleaning_fee\":\"5\"}', '{\"size\":\"100\",\"guest_number\":\"5\",\"rooms\":\"4\",\"bedrooms\":\"3\",\"bathrooms\":\"3\"}', '{\"tel1\":\"+152 5644444\",\"tel2\":\"+152 5644444\",\"fax\":\"+152 5644444\",\"email\":\"info@example.com\",\"web\":\"http:\\/\\/example.com\"}', '{\"facebook\":\"#\",\"gplus\":\"#\",\"twitter\":\"#\",\"instagram\":\"#\",\"pinterest\":\"#\",\"linkedin\":\"#\"}', 2, 4, '', 'summerlin-cabin-perfect-holiday', '2017-02-22 18:35:41', '2017-02-26 00:22:40'),
(6, 1, 3, NULL, 2, 1, 1, '{\"address\":\"4490 Paradise Lane\",\"city\":\"Los Angeles\",\"state\":\"CA\",\"country\":\"United States\",\"geo_lon\":\"33.961385\",\"geo_lat\":\"-118.223064\"}', '[\"2\",\"5\",\"7\",\"10\",\"11\",\"14\",\"15\"]', 14, '{\"d_1\":\"11\",\"d_5\":\"10\",\"d_15\":\"9\",\"d_30\":\"8\"}', '{\"city_fee\":\"5\",\"cleaning_fee\":\"5\"}', '{\"size\":\"100\",\"guest_number\":\"5\",\"rooms\":\"4\",\"bedrooms\":\"3\",\"bathrooms\":\"3\"}', '{\"tel1\":\"+152 5644444\",\"tel2\":\"+152 5644444\",\"fax\":\"+152 5644444\",\"email\":\"info@example.com\",\"web\":\"http:\\/\\/example.com\"}', '{\"facebook\":\"#\",\"gplus\":\"#\",\"twitter\":\"#\",\"instagram\":\"#\",\"pinterest\":\"#\",\"linkedin\":\"#\"}', 1, 5, '', 'beautiful-cabin-simple-price', '2017-02-22 18:35:41', '2017-02-23 00:16:55'),
(7, 1, 3, NULL, 2, 0, 0, '{\"address\":\"1457 Joanne Lane\",\"city\":\"Lawrence\",\"state\":\"MA\",\"country\":\"United States\",\"geo_lon\":\"42.743543\",\"geo_lat\":\"-71.14996\"}', '[\"2\",\"5\",\"7\",\"10\",\"11\",\"14\",\"15\"]', 8, '{\"d_1\":\"11\",\"d_5\":\"10\",\"d_15\":\"9\",\"d_30\":\"8\"}', '{\"city_fee\":\"5\",\"cleaning_fee\":\"5\"}', '{\"size\":\"100\",\"guest_number\":\"5\",\"rooms\":\"4\",\"bedrooms\":\"3\",\"bathrooms\":\"3\"}', '{\"tel1\":\"+152 5644444\",\"tel2\":\"+152 5644444\",\"fax\":\"+152 5644444\",\"email\":\"info@example.com\",\"web\":\"http:\\/\\/example.com\"}', '{\"facebook\":\"#\",\"gplus\":\"#\",\"twitter\":\"#\",\"instagram\":\"#\",\"pinterest\":\"#\",\"linkedin\":\"#\"}', 3, 4, '', 'victorian-bed-breakfast', '2017-02-22 18:35:41', '2017-03-26 10:34:00'),
(8, 1, 3, NULL, 3, 1, 0, '{\"address\":\"4762 Pick Street\",\"city\":\"Telluride\",\"state\":\"CO\",\"country\":\"United States\",\"geo_lon\":\"37.958167\",\"geo_lat\":\"-107.782779\"}', '[\"2\",\"5\",\"7\",\"10\",\"11\",\"14\",\"15\"]', 39, '{\"d_1\":\"11\",\"d_5\":\"10\",\"d_15\":\"9\",\"d_30\":\"8\"}', '{\"city_fee\":\"5\",\"cleaning_fee\":\"5\"}', '{\"size\":\"100\",\"guest_number\":\"5\",\"rooms\":\"4\",\"bedrooms\":\"3\",\"bathrooms\":\"3\"}', '{\"tel1\":\"+152 5644444\",\"tel2\":\"+152 5644444\",\"fax\":\"+152 5644444\",\"email\":\"info@example.com\",\"web\":\"http:\\/\\/example.com\"}', '{\"facebook\":\"#\",\"gplus\":\"#\",\"twitter\":\"#\",\"instagram\":\"#\",\"pinterest\":\"#\",\"linkedin\":\"#\"}', 3, 3, '', 'great-villa-to-rent', '2017-02-22 18:35:41', '2017-02-23 00:17:33'),
(9, 1, 3, NULL, 2, 0, 0, '{\"address\":\"4461 Rogers Street\",\"city\":\"Cincinnati\",\"state\":\"OH\",\"country\":\"United States\",\"geo_lon\":\"39.196459\",\"geo_lat\":\"-84.538656\"}', '[\"2\",\"5\",\"7\",\"10\",\"11\",\"14\",\"15\"]', 14, '{\"d_1\":\"11\",\"d_5\":\"10\",\"d_15\":\"9\",\"d_30\":\"8\"}', '{\"city_fee\":\"5\",\"cleaning_fee\":\"5\"}', '{\"size\":\"100\",\"guest_number\":\"5\",\"rooms\":\"4\",\"bedrooms\":\"3\",\"bathrooms\":\"3\"}', '{\"tel1\":\"+152 5644444\",\"tel2\":\"+152 5644444\",\"fax\":\"+152 5644444\",\"email\":\"info@example.com\",\"web\":\"http:\\/\\/example.com\"}', '{\"facebook\":\"#\",\"gplus\":\"#\",\"twitter\":\"#\",\"instagram\":\"#\",\"pinterest\":\"#\",\"linkedin\":\"#\"}', 4, 4, '', 'west-town-3rd-floor-dorm', '2017-02-22 18:35:41', '2017-03-26 10:34:03'),
(10, 1, 3, NULL, 2, 1, 1, '{\"address\":\"4856 Melville Street\",\"city\":\"Memphis\",\"state\":\"TN\",\"country\":\"United States\",\"geo_lon\":\"35.12655\",\"geo_lat\":\"-89.871637\"}', '[\"2\",\"5\",\"7\",\"10\",\"11\",\"14\",\"15\"]', 22, '{\"d_1\":\"11\",\"d_5\":\"10\",\"d_15\":\"9\",\"d_30\":\"8\"}', '{\"city_fee\":\"5\",\"cleaning_fee\":\"5\"}', '{\"size\":\"100\",\"guest_number\":\"5\",\"rooms\":\"4\",\"bedrooms\":\"3\",\"bathrooms\":\"3\"}', '{\"tel1\":\"+152 5644444\",\"tel2\":\"+152 5644444\",\"fax\":\"+152 5644444\",\"email\":\"info@example.com\",\"web\":\"http:\\/\\/example.com\"}', '{\"facebook\":\"#\",\"gplus\":\"#\",\"twitter\":\"#\",\"instagram\":\"#\",\"pinterest\":\"#\",\"linkedin\":\"#\"}', 2, 1, '', 'apartment-for-rent', '2017-02-22 18:35:41', '2017-02-23 00:18:19'),
(11, 1, 3, NULL, 2, 1, 1, '{\"address\":\"1143 Emeral Dreams Drive\",\"city\":\"Arlington Heights\",\"state\":\"IL\",\"country\":\"United States\",\"geo_lon\":\"42.00173\",\"geo_lat\":\"-87.924128\"}', '[\"2\",\"5\",\"7\",\"10\",\"11\",\"14\",\"15\"]', 99, '{\"d_1\":\"11\",\"d_5\":\"10\",\"d_15\":\"9\",\"d_30\":\"8\"}', '{\"city_fee\":\"5\",\"cleaning_fee\":\"5\"}', '{\"size\":\"100\",\"guest_number\":\"5\",\"rooms\":\"4\",\"bedrooms\":\"3\",\"bathrooms\":\"3\"}', '{\"tel1\":\"+152 5644444\",\"tel2\":\"+152 5644444\",\"fax\":\"+152 5644444\",\"email\":\"info@example.com\",\"web\":\"http:\\/\\/example.com\"}', '{\"facebook\":\"#\",\"gplus\":\"#\",\"twitter\":\"#\",\"instagram\":\"#\",\"pinterest\":\"#\",\"linkedin\":\"#\"}', 5, 6, '', 'modern--spacious-villa', '2017-02-22 18:35:41', '2017-02-23 00:18:36'),
(12, 1, 8, NULL, 2, 1, 0, '{\"address\":\"2129 Short Street\",\"city\":\"Austin\",\"state\":\"TX\",\"country\":\"United States\",\"geo_lon\":\"30.203294\",\"geo_lat\":\"-97.706408\"}', '[\"2\",\"5\",\"7\",\"10\",\"11\",\"14\",\"15\"]', 10, '{\"d_1\":\"11\",\"d_5\":\"10\",\"d_15\":\"9\",\"d_30\":\"8\"}', '{\"city_fee\":\"5\",\"cleaning_fee\":\"5\"}', '{\"size\":\"100\",\"guest_number\":\"5\",\"rooms\":\"4\",\"bedrooms\":\"3\",\"bathrooms\":\"3\"}', '{\"tel1\":\"+152 5644444\",\"tel2\":\"+152 5644444\",\"fax\":\"+152 5644444\",\"email\":\"info@example.com\",\"web\":\"http:\\/\\/example.com\"}', '{\"facebook\":\"#\",\"gplus\":\"#\",\"twitter\":\"#\",\"instagram\":\"#\",\"pinterest\":\"#\",\"linkedin\":\"#\"}', 3, 3, '', 'chic-cole-valley-house', '2017-02-22 18:35:41', '2017-05-07 19:14:58');

-- --------------------------------------------------------
--
-- Dumping data for table `property_contents`
--

INSERT INTO `property_contents` (`id`, `property_id`, `language_id`, `name`, `description`) VALUES
(7, 4, 1, 'Huge Sunny Vila', 'Morbi maximus eu justo vel bibendum. Sed urna odio, bibendum sed mi eu, condimentum venenatis augue. Sed molestie, leo at molestie convallis, arcu augue iaculis metus, eu ullamcorper tellus urna a mauris. Proin pulvinar eros in lectus porta, nec consectetur metus laoreet. Proin ac tortor placerat, fringilla felis vitae, congue justo. Fusce et eleifend libero, non tempus metus. Nulla pulvinar dolor sit amet massa fringilla, sed malesuada elit elementum. Curabitur at orci quam. In quis pharetra tellus.\n\nSuspendisse vestibulum et augue auctor ultrices. Vestibulum nec turpis non orci dictum dignissim. Proin vel commodo ligula, lacinia accumsan est. Donec nisl velit, consequat fringilla accumsan vel, auctor ut nibh. Etiam vitae nunc nec augue elementum consequat. Mauris viverra, nibh quis fermentum consectetur, justo justo accumsan arcu, nec ultrices urna lacus ut lacus. Nullam venenatis vehicula ex, vitae mollis est porttitor ac.'),
(10, 5, 1, 'Summerlin Cabin – Perfect Holiday', 'Morbi maximus eu justo vel bibendum. Sed urna odio, bibendum sed mi eu, condimentum venenatis augue. Sed molestie, leo at molestie convallis, arcu augue iaculis metus, eu ullamcorper tellus urna a mauris. Proin pulvinar eros in lectus porta, nec consectetur metus laoreet. Proin ac tortor placerat, fringilla felis vitae, congue justo. Fusce et eleifend libero, non tempus metus. Nulla pulvinar dolor sit amet massa fringilla, sed malesuada elit elementum. Curabitur at orci quam. In quis pharetra tellus.\n\nSuspendisse vestibulum et augue auctor ultrices. Vestibulum nec turpis non orci dictum dignissim. Proin vel commodo ligula, lacinia accumsan est. Donec nisl velit, consequat fringilla accumsan vel, auctor ut nibh. Etiam vitae nunc nec augue elementum consequat. Mauris viverra, nibh quis fermentum consectetur, justo justo accumsan arcu, nec ultrices urna lacus ut lacus. Nullam venenatis vehicula ex, vitae mollis est porttitor ac.'),
(13, 6, 1, 'Beautiful Cabin, Simple Price', 'Morbi maximus eu justo vel bibendum. Sed urna odio, bibendum sed mi eu, condimentum venenatis augue. Sed molestie, leo at molestie convallis, arcu augue iaculis metus, eu ullamcorper tellus urna a mauris. Proin pulvinar eros in lectus porta, nec consectetur metus laoreet. Proin ac tortor placerat, fringilla felis vitae, congue justo. Fusce et eleifend libero, non tempus metus. Nulla pulvinar dolor sit amet massa fringilla, sed malesuada elit elementum. Curabitur at orci quam. In quis pharetra tellus.\n\nSuspendisse vestibulum et augue auctor ultrices. Vestibulum nec turpis non orci dictum dignissim. Proin vel commodo ligula, lacinia accumsan est. Donec nisl velit, consequat fringilla accumsan vel, auctor ut nibh. Etiam vitae nunc nec augue elementum consequat. Mauris viverra, nibh quis fermentum consectetur, justo justo accumsan arcu, nec ultrices urna lacus ut lacus. Nullam venenatis vehicula ex, vitae mollis est porttitor ac.'),
(16, 7, 1, 'Victorian Bed & Breakfast', 'Morbi maximus eu justo vel bibendum. Sed urna odio, bibendum sed mi eu, condimentum venenatis augue. Sed molestie, leo at molestie convallis, arcu augue iaculis metus, eu ullamcorper tellus urna a mauris. Proin pulvinar eros in lectus porta, nec consectetur metus laoreet. Proin ac tortor placerat, fringilla felis vitae, congue justo. Fusce et eleifend libero, non tempus metus. Nulla pulvinar dolor sit amet massa fringilla, sed malesuada elit elementum. Curabitur at orci quam. In quis pharetra tellus.\n\nSuspendisse vestibulum et augue auctor ultrices. Vestibulum nec turpis non orci dictum dignissim. Proin vel commodo ligula, lacinia accumsan est. Donec nisl velit, consequat fringilla accumsan vel, auctor ut nibh. Etiam vitae nunc nec augue elementum consequat. Mauris viverra, nibh quis fermentum consectetur, justo justo accumsan arcu, nec ultrices urna lacus ut lacus. Nullam venenatis vehicula ex, vitae mollis est porttitor ac.'),
(19, 8, 1, 'Great Villa to Rent', 'Morbi maximus eu justo vel bibendum. Sed urna odio, bibendum sed mi eu, condimentum venenatis augue. Sed molestie, leo at molestie convallis, arcu augue iaculis metus, eu ullamcorper tellus urna a mauris. Proin pulvinar eros in lectus porta, nec consectetur metus laoreet. Proin ac tortor placerat, fringilla felis vitae, congue justo. Fusce et eleifend libero, non tempus metus. Nulla pulvinar dolor sit amet massa fringilla, sed malesuada elit elementum. Curabitur at orci quam. In quis pharetra tellus.\n\nSuspendisse vestibulum et augue auctor ultrices. Vestibulum nec turpis non orci dictum dignissim. Proin vel commodo ligula, lacinia accumsan est. Donec nisl velit, consequat fringilla accumsan vel, auctor ut nibh. Etiam vitae nunc nec augue elementum consequat. Mauris viverra, nibh quis fermentum consectetur, justo justo accumsan arcu, nec ultrices urna lacus ut lacus. Nullam venenatis vehicula ex, vitae mollis est porttitor ac.'),
(22, 9, 1, 'West Town 3rd Floor Dorm', 'Morbi maximus eu justo vel bibendum. Sed urna odio, bibendum sed mi eu, condimentum venenatis augue. Sed molestie, leo at molestie convallis, arcu augue iaculis metus, eu ullamcorper tellus urna a mauris. Proin pulvinar eros in lectus porta, nec consectetur metus laoreet. Proin ac tortor placerat, fringilla felis vitae, congue justo. Fusce et eleifend libero, non tempus metus. Nulla pulvinar dolor sit amet massa fringilla, sed malesuada elit elementum. Curabitur at orci quam. In quis pharetra tellus.\n\nSuspendisse vestibulum et augue auctor ultrices. Vestibulum nec turpis non orci dictum dignissim. Proin vel commodo ligula, lacinia accumsan est. Donec nisl velit, consequat fringilla accumsan vel, auctor ut nibh. Etiam vitae nunc nec augue elementum consequat. Mauris viverra, nibh quis fermentum consectetur, justo justo accumsan arcu, nec ultrices urna lacus ut lacus. Nullam venenatis vehicula ex, vitae mollis est porttitor ac.'),
(25, 10, 1, 'Apartment for Rent', 'Morbi maximus eu justo vel bibendum. Sed urna odio, bibendum sed mi eu, condimentum venenatis augue. Sed molestie, leo at molestie convallis, arcu augue iaculis metus, eu ullamcorper tellus urna a mauris. Proin pulvinar eros in lectus porta, nec consectetur metus laoreet. Proin ac tortor placerat, fringilla felis vitae, congue justo. Fusce et eleifend libero, non tempus metus. Nulla pulvinar dolor sit amet massa fringilla, sed malesuada elit elementum. Curabitur at orci quam. In quis pharetra tellus.\n\nSuspendisse vestibulum et augue auctor ultrices. Vestibulum nec turpis non orci dictum dignissim. Proin vel commodo ligula, lacinia accumsan est. Donec nisl velit, consequat fringilla accumsan vel, auctor ut nibh. Etiam vitae nunc nec augue elementum consequat. Mauris viverra, nibh quis fermentum consectetur, justo justo accumsan arcu, nec ultrices urna lacus ut lacus. Nullam venenatis vehicula ex, vitae mollis est porttitor ac.'),
(28, 11, 1, 'Modern & Spacious Villa', 'Morbi maximus eu justo vel bibendum. Sed urna odio, bibendum sed mi eu, condimentum venenatis augue. Sed molestie, leo at molestie convallis, arcu augue iaculis metus, eu ullamcorper tellus urna a mauris. Proin pulvinar eros in lectus porta, nec consectetur metus laoreet. Proin ac tortor placerat, fringilla felis vitae, congue justo. Fusce et eleifend libero, non tempus metus. Nulla pulvinar dolor sit amet massa fringilla, sed malesuada elit elementum. Curabitur at orci quam. In quis pharetra tellus.\n\nSuspendisse vestibulum et augue auctor ultrices. Vestibulum nec turpis non orci dictum dignissim. Proin vel commodo ligula, lacinia accumsan est. Donec nisl velit, consequat fringilla accumsan vel, auctor ut nibh. Etiam vitae nunc nec augue elementum consequat. Mauris viverra, nibh quis fermentum consectetur, justo justo accumsan arcu, nec ultrices urna lacus ut lacus. Nullam venenatis vehicula ex, vitae mollis est porttitor ac.'),
(31, 12, 1, 'Chic Cole Valley House', 'Morbi maximus eu justo vel bibendum. Sed urna odio, bibendum sed mi eu, condimentum venenatis augue. Sed molestie, leo at molestie convallis, arcu augue iaculis metus, eu ullamcorper tellus urna a mauris. Proin pulvinar eros in lectus porta, nec consectetur metus laoreet. Proin ac tortor placerat, fringilla felis vitae, congue justo. Fusce et eleifend libero, non tempus metus. Nulla pulvinar dolor sit amet massa fringilla, sed malesuada elit elementum. Curabitur at orci quam. In quis pharetra tellus.\n\nSuspendisse vestibulum et augue auctor ultrices. Vestibulum nec turpis non orci dictum dignissim. Proin vel commodo ligula, lacinia accumsan est. Donec nisl velit, consequat fringilla accumsan vel, auctor ut nibh. Etiam vitae nunc nec augue elementum consequat. Mauris viverra, nibh quis fermentum consectetur, justo justo accumsan arcu, nec ultrices urna lacus ut lacus. Nullam venenatis vehicula ex, vitae mollis est porttitor ac.');

-- --------------------------------------------------------

INSERT INTO `property_dates` (`id`, `property_id`, `dates`) VALUES
(1, 4, NULL),
(2, 5, NULL),
(3, 6, NULL),
(4, 7, NULL),
(5, 8, NULL),
(6, 9, NULL),
(7, 10, NULL),
(8, 11, NULL),
(9, 12, NULL);

INSERT INTO `roles` (`id`, `role`) VALUES
(1, 'Administrator'),
(2, 'Owner'),
(3, 'User');

-- --------------------------------------------------------

--
-- Dumping data for table `services`
--

INSERT INTO `services` (`id`, `user_id`, `category_id`, `location_id`, `status`, `featured`, `location`, `features`, `business_hours`, `contact`, `social`, `video`, `alias`, `created_at`, `updated_at`) VALUES
(1, 1, 3, 1, 1, 0, '{\"address\":\"3567 Jones Street\",\"city\":\"Dallas\",\"state\":\"TX\",\"country\":\"United States\",\"geo_lon\":\"32.801937\",\"geo_lat\":\"-96.819559\"}', '[\"2\",\"3\",\"8\",\"9\",\"12\",\"14\"]', '{\"week\":\"09:00 - 21:00\",\"sat\":\"09:00 - 21:00\",\"sun\":\"09:00 - 16:00\"}', '{\"tel1\":\"+152 5644444\",\"tel2\":\"+152 5644444\",\"fax\":\"+152 5644444\",\"email\":\"info@example.com\",\"web\":\"http:\\/\\/example.com\"}', '{\"facebook\":\"#\",\"gplus\":\"#\",\"twitter\":\"#\",\"instagram\":\"#\",\"pinterest\":\"#\",\"linkedin\":\"#\"}', '', 'restaurant-iva', '2017-02-23 22:21:01', '2017-03-05 09:59:12'),
(2, 1, 7, 2, 1, 1, '{\"address\":\"40 Duke Lane\",\"city\":\"Branchburg\",\"state\":\"NJ\",\"country\":\"United States\",\"geo_lon\":\"40.496165\",\"geo_lat\":\"-74.698197\"}', '[\"2\",\"3\",\"8\",\"9\",\"12\",\"14\"]', '{\"week\":\"09:00 - 21:00\",\"sat\":\"09:00 - 21:00\",\"sun\":\"09:00 - 16:00\"}', '{\"tel1\":\"+152 5644444\",\"tel2\":\"+152 5644444\",\"fax\":\"+152 5644444\",\"email\":\"info@example.com\",\"web\":\"http:\\/\\/example.com\"}', '{\"facebook\":\"#\",\"gplus\":\"#\",\"twitter\":\"#\",\"instagram\":\"#\",\"pinterest\":\"#\",\"linkedin\":\"#\"}', '', 'restaurant-viktor', '2017-02-23 22:21:01', '2017-02-25 16:00:49'),
(3, 1, 6, 1, 1, 0, '{\"address\":\"1730 North Avenue\",\"city\":\"Lincoln\",\"state\":\"NE\",\"country\":\"United States\",\"geo_lon\":\"40.812609\",\"geo_lat\":\"-96.797137\"}', '[\"2\",\"3\",\"8\",\"9\",\"12\",\"14\"]', '{\"week\":\"09:00 - 21:00\",\"sat\":\"09:00 - 21:00\",\"sun\":\"09:00 - 16:00\"}', '{\"tel1\":\"+152 5644444\",\"tel2\":\"+152 5644444\",\"fax\":\"+152 5644444\",\"email\":\"info@example.com\",\"web\":\"http:\\/\\/example.com\"}', '{\"facebook\":\"#\",\"gplus\":\"#\",\"twitter\":\"#\",\"instagram\":\"#\",\"pinterest\":\"#\",\"linkedin\":\"#\"}', '', 'restaurant-booksi', '2017-02-23 22:21:01', '2017-02-25 16:00:49'),
(4, 1, 3, 8, 1, 0, '{\"address\":\"4410 Austin Secret Lane\",\"city\":\"Salt Lake City\",\"state\":\"UT\",\"country\":\"United States\",\"geo_lon\":\"40.822924\",\"geo_lat\":\"-111.8604\"}', '[\"2\",\"3\",\"8\",\"9\",\"12\",\"14\"]', '{\"week\":\"09:00 - 21:00\",\"sat\":\"09:00 - 21:00\",\"sun\":\"09:00 - 16:00\"}', '{\"tel1\":\"+152 5644444\",\"tel2\":\"+152 5644444\",\"fax\":\"+152 5644444\",\"email\":\"info@example.com\",\"web\":\"http:\\/\\/example.com\"}', '{\"facebook\":\"#\",\"gplus\":\"#\",\"twitter\":\"#\",\"instagram\":\"#\",\"pinterest\":\"#\",\"linkedin\":\"#\"}', '', 'restaurant-melahony', '2017-02-23 22:21:01', '2017-02-25 16:00:49'),
(5, 1, 4, 1, 1, 0, '{\"address\":\"768 Public Works Drive\",\"city\":\"Johnson City\",\"state\":\"TN\",\"country\":\"United States\",\"geo_lon\":\"36.351567\",\"geo_lat\":\"-82.410378\"}', '[\"2\",\"3\",\"8\",\"9\",\"12\",\"14\"]', '{\"week\":\"09:00 - 21:00\",\"sat\":\"09:00 - 21:00\",\"sun\":\"09:00 - 16:00\"}', '{\"tel1\":\"+152 5644444\",\"tel2\":\"+152 5644444\",\"fax\":\"+152 5644444\",\"email\":\"info@example.com\",\"web\":\"http:\\/\\/example.com\"}', '{\"facebook\":\"#\",\"gplus\":\"#\",\"twitter\":\"#\",\"instagram\":\"#\",\"pinterest\":\"#\",\"linkedin\":\"#\"}', '', 'restoran-tom', '2017-02-23 22:21:01', '2017-03-01 11:14:26'),
(6, 1, 3, 1, 1, 1, '{\"address\":\"4411 Sunset Drive\",\"city\":\"Fouke\",\"state\":\"AR\",\"country\":\"United States\",\"geo_lon\":\"33.17551\",\"geo_lat\":\"-93.826233\"}', '[\"2\",\"3\",\"8\",\"9\",\"12\",\"14\"]', '{\"week\":\"09:00 - 21:00\",\"sat\":\"09:00 - 21:00\",\"sun\":\"09:00 - 16:00\"}', '{\"tel1\":\"+152 5644444\",\"tel2\":\"+152 5644444\",\"fax\":\"+152 5644444\",\"email\":\"info@example.com\",\"web\":\"http:\\/\\/example.com\"}', '{\"facebook\":\"#\",\"gplus\":\"#\",\"twitter\":\"#\",\"instagram\":\"#\",\"pinterest\":\"#\",\"linkedin\":\"#\"}', '', 'bella-vitta', '2017-02-23 22:21:01', '2017-02-25 16:00:49'),
(7, 1, 5, 1, 1, 0, '{\"address\":\"3214 Ralph Drive\",\"city\":\"Warrensville Heights\",\"state\":\"OH\",\"country\":\"United States\",\"geo_lon\":\"41.388117\",\"geo_lat\":\"-81.556125\"}', '[\"2\",\"3\",\"8\",\"9\",\"12\",\"14\"]', '{\"week\":\"09:00 - 21:00\",\"sat\":\"09:00 - 21:00\",\"sun\":\"09:00 - 16:00\"}', '{\"tel1\":\"+152 5644444\",\"tel2\":\"+152 5644444\",\"fax\":\"+152 5644444\",\"email\":\"info@example.com\",\"web\":\"http:\\/\\/example.com\"}', '{\"facebook\":\"#\",\"gplus\":\"#\",\"twitter\":\"#\",\"instagram\":\"#\",\"pinterest\":\"#\",\"linkedin\":\"#\"}', '', 'hard-rock', '2017-02-23 22:21:01', '2017-02-25 16:00:49'),
(8, 1, 3, 8, 1, 0, '{\"address\":\"3505 Coffman Alley\",\"city\":\"Madisonville\",\"state\":\"KY\",\"country\":\"United States\",\"geo_lon\":\"37.288756\",\"geo_lat\":\"-87.557596\"}', '[\"2\",\"3\",\"8\",\"9\",\"12\",\"14\"]', '{\"week\":\"09:00 - 21:00\",\"sat\":\"09:00 - 21:00\",\"sun\":\"09:00 - 16:00\"}', '{\"tel1\":\"+152 5644444\",\"tel2\":\"+152 5644444\",\"fax\":\"+152 5644444\",\"email\":\"info@example.com\",\"web\":\"http:\\/\\/example.com\"}', '{\"facebook\":\"#\",\"gplus\":\"#\",\"twitter\":\"#\",\"instagram\":\"#\",\"pinterest\":\"#\",\"linkedin\":\"#\"}', '', 'restaurant-people', '2017-02-23 22:21:01', '2017-02-25 16:00:49'),
(9, 1, 4, 2, 1, 1, '{\"address\":\"3060 Saint Marys Avenue\",\"city\":\"Holland Patent\",\"state\":\"NY\",\"country\":\"United States\",\"geo_lon\":\"43.19157\",\"geo_lat\":\"-75.200394\"}', '[\"1\",\"8\",\"10\",\"13\",\"16\"]', '{\"week\":\"\",\"sat\":\"\",\"sun\":\"\"}', '{\"tel1\":\"\",\"tel2\":\"\",\"fax\":\"\",\"email\":\"\",\"web\":\"\"}', '{\"facebook\":\"\",\"gplus\":\"\",\"twitter\":\"\",\"instagram\":\"\",\"pinterest\":\"\",\"linkedin\":\"\"}', NULL, 'test-service', '2017-03-12 17:45:18', '2017-05-07 11:34:26');

-- --------------------------------------------------------

--
-- Dumping data for table `service_contents`
--

INSERT INTO `service_contents` (`id`, `service_id`, `language_id`, `name`, `description`) VALUES
(1, 1, 1, 'Restaurant Iva', 'Integer quis enim lorem. Suspendisse feugiat non tellus ut consequat. Lorem ipsum dolor sit amet, consectetur adipiscing elit. Curabitur at felis nec odio ullamcorper vestibulum. Lorem ipsum dolor sit amet, consectetur adipiscing elit. Etiam pharetra mauris id fermentum condimentum. Aliquam erat volutpat. Sed mattis, lorem quis congue lobortis, orci enim auctor dui, et dignissim nulla purus sed tortor. Aliquam erat volutpat.\n\nPellentesque ultricies vestibulum hendrerit. In blandit sed tortor volutpat vestibulum. Phasellus accumsan purus nec libero pulvinar vestibulum. Quisque eget libero vitae felis vulputate pellentesque. Suspendisse potenti. Donec ac vehicula sapien. Nullam in ornare turpis. Donec quis fringilla odio. Etiam et sapien porttitor, commodo velit quis, suscipit lorem. Etiam commodo, erat vitae efficitur tincidunt, enim odio sagittis mauris, eget auctor purus mi in ex. Nam accumsan metus ac augue pharetra, in ornare tortor ornare. Nunc ultrices, nunc at pellentesque venenatis, ante lorem aliquam elit, eu ultrices metus enim at augue. Phasellus elit augue, egestas eu felis id, mattis viverra metus. Nunc molestie ex non ligula sagittis, at condimentum orci aliquam. Suspendisse quam lorem, sagittis ut libero eget, cursus volutpat risus.'),
(4, 2, 1, 'Restaurant Viktor', 'Integer quis enim lorem. Suspendisse feugiat non tellus ut consequat. Lorem ipsum dolor sit amet, consectetur adipiscing elit. Curabitur at felis nec odio ullamcorper vestibulum. Lorem ipsum dolor sit amet, consectetur adipiscing elit. Etiam pharetra mauris id fermentum condimentum. Aliquam erat volutpat. Sed mattis, lorem quis congue lobortis, orci enim auctor dui, et dignissim nulla purus sed tortor. Aliquam erat volutpat.\r\n\r\nPellentesque ultricies vestibulum hendrerit. In blandit sed tortor volutpat vestibulum. Phasellus accumsan purus nec libero pulvinar vestibulum. Quisque eget libero vitae felis vulputate pellentesque. Suspendisse potenti. Donec ac vehicula sapien. Nullam in ornare turpis. Donec quis fringilla odio. Etiam et sapien porttitor, commodo velit quis, suscipit lorem. Etiam commodo, erat vitae efficitur tincidunt, enim odio sagittis mauris, eget auctor purus mi in ex. Nam accumsan metus ac augue pharetra, in ornare tortor ornare. Nunc ultrices, nunc at pellentesque venenatis, ante lorem aliquam elit, eu ultrices metus enim at augue. Phasellus elit augue, egestas eu felis id, mattis viverra metus. Nunc molestie ex non ligula sagittis, at condimentum orci aliquam. Suspendisse quam lorem, sagittis ut libero eget, cursus volutpat risus.'),
(7, 3, 1, 'Restaurant Booksi', 'Integer quis enim lorem. Suspendisse feugiat non tellus ut consequat. Lorem ipsum dolor sit amet, consectetur adipiscing elit. Curabitur at felis nec odio ullamcorper vestibulum. Lorem ipsum dolor sit amet, consectetur adipiscing elit. Etiam pharetra mauris id fermentum condimentum. Aliquam erat volutpat. Sed mattis, lorem quis congue lobortis, orci enim auctor dui, et dignissim nulla purus sed tortor. Aliquam erat volutpat.\r\n\r\nPellentesque ultricies vestibulum hendrerit. In blandit sed tortor volutpat vestibulum. Phasellus accumsan purus nec libero pulvinar vestibulum. Quisque eget libero vitae felis vulputate pellentesque. Suspendisse potenti. Donec ac vehicula sapien. Nullam in ornare turpis. Donec quis fringilla odio. Etiam et sapien porttitor, commodo velit quis, suscipit lorem. Etiam commodo, erat vitae efficitur tincidunt, enim odio sagittis mauris, eget auctor purus mi in ex. Nam accumsan metus ac augue pharetra, in ornare tortor ornare. Nunc ultrices, nunc at pellentesque venenatis, ante lorem aliquam elit, eu ultrices metus enim at augue. Phasellus elit augue, egestas eu felis id, mattis viverra metus. Nunc molestie ex non ligula sagittis, at condimentum orci aliquam. Suspendisse quam lorem, sagittis ut libero eget, cursus volutpat risus.'),
(10, 4, 1, 'Restaurant Melahony', 'Integer quis enim lorem. Suspendisse feugiat non tellus ut consequat. Lorem ipsum dolor sit amet, consectetur adipiscing elit. Curabitur at felis nec odio ullamcorper vestibulum. Lorem ipsum dolor sit amet, consectetur adipiscing elit. Etiam pharetra mauris id fermentum condimentum. Aliquam erat volutpat. Sed mattis, lorem quis congue lobortis, orci enim auctor dui, et dignissim nulla purus sed tortor. Aliquam erat volutpat.\r\n\r\nPellentesque ultricies vestibulum hendrerit. In blandit sed tortor volutpat vestibulum. Phasellus accumsan purus nec libero pulvinar vestibulum. Quisque eget libero vitae felis vulputate pellentesque. Suspendisse potenti. Donec ac vehicula sapien. Nullam in ornare turpis. Donec quis fringilla odio. Etiam et sapien porttitor, commodo velit quis, suscipit lorem. Etiam commodo, erat vitae efficitur tincidunt, enim odio sagittis mauris, eget auctor purus mi in ex. Nam accumsan metus ac augue pharetra, in ornare tortor ornare. Nunc ultrices, nunc at pellentesque venenatis, ante lorem aliquam elit, eu ultrices metus enim at augue. Phasellus elit augue, egestas eu felis id, mattis viverra metus. Nunc molestie ex non ligula sagittis, at condimentum orci aliquam. Suspendisse quam lorem, sagittis ut libero eget, cursus volutpat risus.'),
(13, 5, 1, 'Restaurant Tom', 'Integer quis enim lorem. Suspendisse feugiat non tellus ut consequat. Lorem ipsum dolor sit amet, consectetur adipiscing elit. Curabitur at felis nec odio ullamcorper vestibulum. Lorem ipsum dolor sit amet, consectetur adipiscing elit. Etiam pharetra mauris id fermentum condimentum. Aliquam erat volutpat. Sed mattis, lorem quis congue lobortis, orci enim auctor dui, et dignissim nulla purus sed tortor. Aliquam erat volutpat.\r\n\r\nPellentesque ultricies vestibulum hendrerit. In blandit sed tortor volutpat vestibulum. Phasellus accumsan purus nec libero pulvinar vestibulum. Quisque eget libero vitae felis vulputate pellentesque. Suspendisse potenti. Donec ac vehicula sapien. Nullam in ornare turpis. Donec quis fringilla odio. Etiam et sapien porttitor, commodo velit quis, suscipit lorem. Etiam commodo, erat vitae efficitur tincidunt, enim odio sagittis mauris, eget auctor purus mi in ex. Nam accumsan metus ac augue pharetra, in ornare tortor ornare. Nunc ultrices, nunc at pellentesque venenatis, ante lorem aliquam elit, eu ultrices metus enim at augue. Phasellus elit augue, egestas eu felis id, mattis viverra metus. Nunc molestie ex non ligula sagittis, at condimentum orci aliquam. Suspendisse quam lorem, sagittis ut libero eget, cursus volutpat risus.'),
(16, 6, 1, 'Bella Vitta', 'Integer quis enim lorem. Suspendisse feugiat non tellus ut consequat. Lorem ipsum dolor sit amet, consectetur adipiscing elit. Curabitur at felis nec odio ullamcorper vestibulum. Lorem ipsum dolor sit amet, consectetur adipiscing elit. Etiam pharetra mauris id fermentum condimentum. Aliquam erat volutpat. Sed mattis, lorem quis congue lobortis, orci enim auctor dui, et dignissim nulla purus sed tortor. Aliquam erat volutpat.\r\n\r\nPellentesque ultricies vestibulum hendrerit. In blandit sed tortor volutpat vestibulum. Phasellus accumsan purus nec libero pulvinar vestibulum. Quisque eget libero vitae felis vulputate pellentesque. Suspendisse potenti. Donec ac vehicula sapien. Nullam in ornare turpis. Donec quis fringilla odio. Etiam et sapien porttitor, commodo velit quis, suscipit lorem. Etiam commodo, erat vitae efficitur tincidunt, enim odio sagittis mauris, eget auctor purus mi in ex. Nam accumsan metus ac augue pharetra, in ornare tortor ornare. Nunc ultrices, nunc at pellentesque venenatis, ante lorem aliquam elit, eu ultrices metus enim at augue. Phasellus elit augue, egestas eu felis id, mattis viverra metus. Nunc molestie ex non ligula sagittis, at condimentum orci aliquam. Suspendisse quam lorem, sagittis ut libero eget, cursus volutpat risus.'),
(19, 7, 1, 'Hard Rock', 'Integer quis enim lorem. Suspendisse feugiat non tellus ut consequat. Lorem ipsum dolor sit amet, consectetur adipiscing elit. Curabitur at felis nec odio ullamcorper vestibulum. Lorem ipsum dolor sit amet, consectetur adipiscing elit. Etiam pharetra mauris id fermentum condimentum. Aliquam erat volutpat. Sed mattis, lorem quis congue lobortis, orci enim auctor dui, et dignissim nulla purus sed tortor. Aliquam erat volutpat.\r\n\r\nPellentesque ultricies vestibulum hendrerit. In blandit sed tortor volutpat vestibulum. Phasellus accumsan purus nec libero pulvinar vestibulum. Quisque eget libero vitae felis vulputate pellentesque. Suspendisse potenti. Donec ac vehicula sapien. Nullam in ornare turpis. Donec quis fringilla odio. Etiam et sapien porttitor, commodo velit quis, suscipit lorem. Etiam commodo, erat vitae efficitur tincidunt, enim odio sagittis mauris, eget auctor purus mi in ex. Nam accumsan metus ac augue pharetra, in ornare tortor ornare. Nunc ultrices, nunc at pellentesque venenatis, ante lorem aliquam elit, eu ultrices metus enim at augue. Phasellus elit augue, egestas eu felis id, mattis viverra metus. Nunc molestie ex non ligula sagittis, at condimentum orci aliquam. Suspendisse quam lorem, sagittis ut libero eget, cursus volutpat risus.'),
(22, 8, 1, 'Restaurant People', 'Integer quis enim lorem. Suspendisse feugiat non tellus ut consequat. Lorem ipsum dolor sit amet, consectetur adipiscing elit. Curabitur at felis nec odio ullamcorper vestibulum. Lorem ipsum dolor sit amet, consectetur adipiscing elit. Etiam pharetra mauris id fermentum condimentum. Aliquam erat volutpat. Sed mattis, lorem quis congue lobortis, orci enim auctor dui, et dignissim nulla purus sed tortor. Aliquam erat volutpat.\r\n\r\nPellentesque ultricies vestibulum hendrerit. In blandit sed tortor volutpat vestibulum. Phasellus accumsan purus nec libero pulvinar vestibulum. Quisque eget libero vitae felis vulputate pellentesque. Suspendisse potenti. Donec ac vehicula sapien. Nullam in ornare turpis. Donec quis fringilla odio. Etiam et sapien porttitor, commodo velit quis, suscipit lorem. Etiam commodo, erat vitae efficitur tincidunt, enim odio sagittis mauris, eget auctor purus mi in ex. Nam accumsan metus ac augue pharetra, in ornare tortor ornare. Nunc ultrices, nunc at pellentesque venenatis, ante lorem aliquam elit, eu ultrices metus enim at augue. Phasellus elit augue, egestas eu felis id, mattis viverra metus. Nunc molestie ex non ligula sagittis, at condimentum orci aliquam. Suspendisse quam lorem, sagittis ut libero eget, cursus volutpat risus.'),
(25, 9, 1, 'Test Service', 'Integer quis enim lorem. Suspendisse feugiat non tellus ut consequat. Lorem ipsum dolor sit amet, consectetur adipiscing elit. Curabitur at felis nec odio ullamcorper vestibulum. Lorem ipsum dolor sit amet, consectetur adipiscing elit. Etiam pharetra mauris id fermentum condimentum. Aliquam erat volutpat. Sed mattis, lorem quis congue lobortis, orci enim auctor dui, et dignissim nulla purus sed tortor. Aliquam erat volutpat.\n');

-- --------------------------------------------------------

--
-- Dumping data for table `settings`
--

INSERT INTO `settings` (`id`, `key`, `value`, `type`) VALUES
(1, 'site_name', '', 'site'),
(2, 'site_description', '', 'site'),
(3, 'site_keywords', '', 'site'),
(4, 'site_timezone', NULL, 'site'),
(5, 'site_first_day_of_week', NULL, 'site'),
(6, 'site_date_format', NULL, 'site'),
(7, 'google_map_key', '', 'site'),
(8, 'google_analytics', '', 'site'),
(9, 'social_facebook', '#', 'site'),
(10, 'social_google_plus', '#', 'site'),
(11, 'social_twitter', '#', 'site'),
(12, 'social_youtube', '#', 'site'),
(13, 'social_pinterest', '#', 'site'),
(14, 'social_instagram', '#', 'site'),
(15, 'social_linkedin', '#', 'site'),
(16, 'social_tripadvisor', '#', 'site'),
(17, 'contact_tel1', '', 'site'),
(18, 'contact_tel2', '', 'site'),
(19, 'contact_fax', '', 'site'),
(20, 'contact_email', 'info@example.com', 'site'),
(21, 'contact_web', 'http://example.com', 'site'),
(22, 'contact_map_lat', '51.402940', 'site'),
(23, 'contact_map_lon', '-0.283526', 'site'),
(24, 'location_address', 'Address 123', 'site'),
(25, 'location_city', 'London', 'site'),
(26, 'location_state', '', 'site'),
(27, 'location_zip', '', 'site'),
(28, 'location_country', 'United Kingdom', 'site'),
(29, 'dateformat', 'd.m.Y', 'site'),
(31, 'google_map_zoom', '15', 'site'),
(32, 'google_map_styles', '', 'site'),
(33, 'show_property_types_0', '1', 'property'),
(34, 'show_property_categories_0', '1', 'property'),
(35, 'show_property_locations_0', '1', 'property'),
(36, 'properties_approved_by_admin', '0', 'property'),
(37, 'phone_required_booking', '0', 'property'),
(38, 'autoapprove_booking', '0', 'property'),
(39, 'show_available_amenities_only', '0', 'property'),
(40, 'allow_featured_properties ', '1', 'property'),
(43, 'allow_featured_services', '1', 'service'),
(44, 'services_approved_by_admin', '1', 'service'),
(45, 'guest_booking', '1', 'user'),
(46, 'login_with_facebook', '1', 'user'),
(47, 'login_with_google_plus', '1', 'user'),
(48, 'send_welcome_email', '1', 'user'),
(49, 'reCaptcha', '0', 'site'),
(50, 'allow_owners_services', '1', 'owner'),
(51, 'allow_user_requests', '1', 'owner'),
(52, 'approve_requests_automatically', '1', 'owner'),
(54, 'show_featured_locations', '1', 'design'),
(55, 'show_featured_properties', '1', 'design'),
(56, 'show_quick_boxes', '1', 'design'),
(57, 'show_blog_section', '1', 'design'),
(58, 'show_icons_section', '0', 'design'),
(61, 'show_social_top_bar', '1', 'design'),
(62, 'show_first_image', '1', 'property'), /* <!-- This One Too 1.1 --> */
(114, 'fp_properties_count', '9', 'design'),
(115, 'fp_show_featured_only', '1', 'design'),
(132, 'is_icon1_icon', 'fa-map', 'design'),
(133, 'is_icon1_text', 'Integer nec condimentum mi. Cras ac fringilla diam. Proin fermentum cursus malesuada.', 'design'),
(134, 'is_icon1_head', 'This is a small title', 'design'),
(135, 'is_icon2_icon', 'fa-globe', 'design'),
(136, 'is_icon2_text', 'Integer nec condimentum mi. Cras ac fringilla diam. Proin fermentum cursus malesuada.', 'design'),
(137, 'is_icon2_head', 'This is a small title', 'design'),
(138, 'is_icon3_icon', 'fa-clock-o', 'design'),
(139, 'is_icon3_text', 'Integer nec condimentum mi. Cras ac fringilla diam. Proin fermentum cursus malesuada.', 'design'),
(140, 'is_icon3_head', 'This is a small title', 'design'),
(141, 'is_icon4_icon', 'fa-tag', 'design'),
(142, 'is_icon4_text', 'Integer nec condimentum mi. Cras ac fringilla diam. Proin fermentum cursus malesuada.\r\n', 'design'),
(143, 'is_icon4_head', 'This is a small title\r\n', 'design'),
(145, 'footer_social', '1', 'design'),
(146, 'slider_background', 'header-bg.jpg', 'design'),
(147, 'qs_background', 'section-bg-3.jpg', 'design'),
(148, 'services_allowed', '1', 'service'),
(151, 'footer_menu1_link1', '/page/about-us', 'design'),
(152, 'footer_menu1_link2', '/page/terms-of-use', 'design'),
(153, 'footer_menu1_link3', '/page/privacy-policy', 'design'),
(154, 'footer_menu1_link4', '#', 'design'),
(155, 'footer_menu1_link5', '/page/house-rules', 'design'),
(161, 'footer_menu2_link1', 'http://example.com', 'design'),
(162, 'footer_menu2_link2', '/contact', 'design'),
(163, 'footer_menu2_link3', 'http://example.com', 'design'),
(164, 'footer_menu2_link4', 'http://example.com', 'design'),
(165, 'footer_menu2_link5', '/blog', 'design'),
(171, 'measurement_unit', 'm2', 'site'),
(172, 'currency', '$', 'site'),
(173, 'price_range_max', '40', 'property'),
(174, 'guest_number_max', '5', 'property'),
(175, 'rooms_number_max', '5', 'property'),
(176, 'approve_user_auto', '1', 'user'),
(177, 'default_map_icon', 'map-marker-icon.png', 'site'),
(178, 'points_featured_week', '5', 'payment'),
(179, 'points_featured_month', '18', 'payment'),
(180, 'points_featured_3months', '54', 'payment'),
(181, 'points_owners_fee', '100', 'payment'),
(182, 'package_10', '10', 'payment'),
(183, 'package_30', '28', 'payment'),
(184, 'package_50', '45', 'payment'),
(185, 'package_100', '90', 'payment'),
(186, 'package_200', '165', 'payment'),
(187, 'entrance_fee', '20', 'payment'),
(188, 'owners_entrance_fee', '1', 'owner'),
(189, 'currency_code', 'USD', 'site'),
(190, 'paypal_username', '', 'payment'),
(191, 'paypal_password', '', 'payment'),
(192, 'paypal_signature', '', 'payment'),
(193, 'paypal_sandbox', '1', 'payment'),
(194, 'stripe_secret_api_key', '', 'payment'),
(195, 'stripe_public_api_key', '', 'payment'),
(196, 'allow_paypal', '0', 'payment'),
(197, 'allow_stripe', '0', 'payment'),
(198, 'show_price_menu', '1', 'payment'),
(199, 'show_add_points_menu', '1', 'payment'),
(200, 'reCaptcha_api', '', 'site'),
(201, 'reCaptcha_api_secret', '', 'site'),
(202, 'allow_blog', '1', 'site'),
(203, 'primary_color', '#ff9f00', 'style'),
(204, 'primary_color_hover', '#ffa200', 'style'),
(205, 'site_logo', 'logo.png', 'site'),
(206, 'paypal_withdrawal', '1', 'payment'), /* <-- Start Here 1.1 */
(207, 'bank_withdrawal', '1', 'payment'),
(208, 'booking_by_payment', '1', 'payment'),
(209, 'days_after_check_in', '1', 'payment'),
(210, 'host_commission', '5', 'payment'),
(211, 'facebook_api_id', '', 'user'),
(212, 'facebook_api_secret', '', 'user'),
(213, 'google_api_id', '', 'user'),
(214, 'google_api_secret', '', 'user'),
(216, 'allow_add_property_button', '1', 'design'),
(217, 'register_owner_directly', '1', 'owner'),
(218, 'enable_messages', '1', 'user');

-- --------------------------------------------------------
INSERT INTO `strings` (`id`, `key`, `default`, `string`, `code`, `is_backend`) VALUES
(1, 'something_happened', 1, 'Something happened! Please try again later.', 'en', 0),
(2, 'success_delete', 1, 'Successfully deleted!', 'en', 1),
(3, 'blog', 1, 'Blog', 'en', 0),
(4, 'edit_post', 1, 'Edit Post', 'en', 1),
(5, 'create_post', 1, 'Create Post', 'en', 1),
(6, 'post', 1, 'Post', 'en', 0),
(7, 'posts', 1, 'Posts', 'en', 0),
(8, 'content', 1, 'Content', 'en', 0),
(9, 'data', 1, 'Data', 'en', 0),
(10, 'active', 1, 'Active', 'en', 1),
(11, 'pending', 1, 'Pending', 'en', 1),
(12, 'user', 1, 'User', 'en', 0),
(13, 'validation_errors', 1, 'There are errors in your form, please check the fields!', 'en', 1),
(14, 'title', 1, 'Title', 'en', 0),
(15, 'delete_featured_image', 1, 'Are you sure you want to delete featured image? ', 'en', 1),
(16, 'delete_image', 1, 'Delete image', 'en', 1),
(17, 'status', 1, 'Status', 'en', 0),
(18, 'min_dimension_360', 1, '* Minimal dimension: 360x200', 'en', 1),
(19, 'options', 1, 'Options', 'en', 0),
(20, 'filter', 1, 'Filter', 'en', 0),
(21, 'enter_content', 1, 'Enter your content here', 'en', 1),
(22, 'post_title', 1, 'Enter your post title here', 'en', 1),
(23, 'upload_featured_picture', 1, 'Upload featured picture', 'en', 1),
(24, 'delete_confirm', 1, 'Are your sure you want to delete this item? ', 'en', 1),
(25, 'title_min_10', 1, 'Title needs to be at least 10 characters long.', 'en', 1),
(26, 'title_required', 1, 'Title is required field.', 'en', 1),
(27, 'delete_post_confirm', 1, 'Are you sure you want to delete this post? ', 'en', 1),
(28, 'delete_post', 1, 'Delete post', 'en', 1),
(29, 'activate_post', 1, 'Activate post', 'en', 1),
(30, 'deactivate_post', 1, 'Deactivate post', 'en', 1),
(31, 'activate_post_confirm', 1, 'Do you want to activate this post?', 'en', 1),
(32, 'deactivate_post_confirm', 1, 'Do you want to deactivate this post?', 'en', 1),
(33, 'edit_picture', 1, 'Edit picture', 'en', 1),
(34, 'view_post', 1, 'View post', 'en', 0),
(35, 'show_post', 1, 'Show post', 'en', 1),
(36, 'blog_all', 1, 'Back to all posts', 'en', 1),
(37, 'search_posts', 1, 'Search for posts', 'en', 1),
(38, 'search_results', 1, 'Search results', 'en', 0),
(39, 'delete_confirm_bulk', 1, 'Are you sure you want to delete these items?', 'en', 1),
(40, 'no_results', 1, 'No results found!', 'en', 0),
(41, 'success_activate', 1, 'Successfully activated!', 'en', 1),
(42, 'success_deactivate', 1, 'Successfully deactivated!', 'en', 1),
(43, 'confirm_action', 1, 'Confirm your action!', 'en', 0),
(44, 'yes', 1, 'Yes', 'en', 0),
(45, 'no', 1, 'No', 'en', 0),
(46, 'dashboard', 1, 'Dashboard', 'en', 0),
(47, 'visits_today', 1, 'Visits today', 'en', 1),
(48, 'new_members', 1, 'New members', 'en', 1),
(49, 'new_listings', 1, 'New properties', 'en', 1),
(50, 'new_bookings', 1, 'New bookings', 'en', 1),
(51, 'latest_bookings', 1, 'Latest bookings', 'en', 1),
(52, 'latest_activity', 1, 'Latest Activity', 'en', 1),
(53, 'view_all', 1, 'View all', 'en', 0),
(54, 'date', 1, 'Date', 'en', 0),
(55, 'activity', 1, 'Activity', 'en', 1),
(56, 'listing', 1, 'Listing', 'en', 0),
(57, 'properties', 1, 'Properties', 'en', 0),
(58, 'categories', 1, 'Categories', 'en', 0),
(59, 'locations', 1, 'Locations', 'en', 0),
(60, 'types', 1, 'Types', 'en', 1),
(61, 'amenities', 1, 'Amenities', 'en', 0),
(62, 'features', 1, 'Features', 'en', 0),
(63, 'review', 1, 'Review', 'en', 0),
(64, 'services', 1, 'Services', 'en', 0),
(65, 'bookings', 1, 'Bookings', 'en', 0),
(66, 'pages', 1, 'Pages', 'en', 0),
(67, 'users', 1, 'Users', 'en', 0),
(68, 'owners', 1, 'Owners', 'en', 0),
(69, 'payments', 1, 'Payments', 'en', 0),
(70, 'purchases', 1, 'Purchases', 'en', 1),
(71, 'requests', 1, 'Requests', 'en', 0),
(72, 'settings', 1, 'Settings', 'en', 1),
(73, 'site_settings', 1, 'Site settings', 'en', 1),
(74, 'user_settings', 1, 'Users settings', 'en', 1),
(75, 'owner_settings', 1, 'Owner settings', 'en', 1),
(76, 'properties_settings', 1, 'Properties settings', 'en', 1),
(77, 'payment_settings', 1, 'Payments settings', 'en', 1),
(78, 'local_settings', 1, 'Local settings', 'en', 1),
(79, 'lang_settings', 1, 'Languages settings', 'en', 1),
(80, 'services_settings', 1, 'Services settings', 'en', 1),
(81, 'banner_settings', 1, 'Banner settings', 'en', 1),
(82, 'email_settings', 1, 'Email settings', 'en', 1),
(83, 'my_account', 1, 'My Account', 'en', 0),
(84, 'logout', 1, 'Logout', 'en', 0),
(85, 'my_website', 1, 'My website', 'en', 1),
(86, 'copyright', 1, 'Copyright &copy; ', 'en', 0),
(87, 'rights_reserved', 1, 'All rights reserved - ', 'en', 0),
(88, 'login', 1, 'Login', 'en', 0),
(89, 'email_address', 1, 'Email address', 'en', 0),
(90, 'password', 1, 'Password', 'en', 0),
(91, 'forgot_password', 1, 'Forgot your password?', 'en', 0),
(92, 'remember_me', 1, 'Remember me', 'en', 0),
(93, 'welcome', 1, 'Welcome', 'en', 0),
(94, 'please_login', 1, 'Please login', 'en', 0),
(95, 'username', 1, 'Username', 'en', 0),
(96, 'password_confirmation', 1, 'Password confirmation', 'en', 0),
(97, 'first_name', 1, 'First name', 'en', 0),
(98, 'last_name', 1, 'Last name', 'en', 0),
(99, 'address', 1, 'Address', 'en', 0),
(100, 'city', 1, 'City', 'en', 0),
(101, 'state', 1, 'State', 'en', 0),
(102, 'country', 1, 'Country', 'en', 0),
(103, 'zip', 1, 'ZIP', 'en', 0),
(104, 'profile_picture', 1, 'Profile picture', 'en', 1),
(105, 'update_profile', 1, 'Update profile', 'en', 0),
(106, 'select_picture', 1, 'Select picture', 'en', 1),
(107, 'max_dimension_300', 1, '* Maximum dimension: 300x300', 'en', 1),
(108, 'edit_page', 1, 'Edit page', 'en', 1),
(109, 'create_page', 1, 'Create page', 'en', 1),
(110, 'show_page', 1, 'Show page', 'en', 1),
(111, 'page_title', 1, 'Enter your page title here', 'en', 1),
(112, 'page_all', 1, 'Back to all pages', 'en', 1),
(113, 'search_pages', 1, 'Search for pages', 'en', 1),
(114, 'edit_category', 1, 'Edit category', 'en', 1),
(115, 'create_category', 1, 'Create category', 'en', 1),
(116, 'choose_category', 1, 'Select category', 'en', 0),
(117, 'category_name', 1, 'Category name', 'en', 0),
(118, 'category_content', 1, 'Enter your category description here,', 'en', 1),
(119, 'description_max_300', 1, '* Maximum allowed is 300 characters', 'en', 1),
(120, 'category_all', 1, 'Back to all categories', 'en', 1),
(121, 'edit_type', 1, 'Edit type', 'en', 1),
(122, 'create_type', 1, 'Create type', 'en', 0),
(123, 'show_type', 1, 'Show type', 'en', 0),
(124, 'type', 1, 'Type', 'en', 0),
(125, 'enter_description', 1, 'Enter your type description', 'en', 0),
(126, 'type_name', 1, 'Type name', 'en', 1),
(127, 'type_all', 1, 'Back to all types', 'en', 1),
(128, 'search_categories', 1, 'Search categories', 'en', 0),
(129, 'search_types', 1, 'Search types', 'en', 1),
(130, 'name', 1, 'Name', 'en', 0),
(131, 'name_required', 1, 'Name is required field', 'en', 0),
(132, 'feature', 1, 'Feature', 'en', 0),
(133, 'edit_feature', 1, 'Edit feature', 'en', 1),
(134, 'add_feature', 1, 'Add feature', 'en', 1),
(135, 'create', 1, 'Create', 'en', 0),
(136, 'close', 1, 'Close', 'en', 0),
(137, 'update', 1, 'Update', 'en', 0),
(138, 'delete_feature', 1, 'Delete feature', 'en', 1),
(139, 'fill_all_fields', 1, 'Please fill all fields.', 'en', 0),
(140, 'reviews', 1, 'Reviews', 'en', 0),
(141, 'approve_review', 1, 'Approve review', 'en', 1),
(142, 'delete_review', 1, 'Delete review', 'en', 1),
(143, 'rating', 1, 'Rating', 'en', 0),
(144, 'full_review', 1, 'View full review', 'en', 1),
(145, 'approved', 1, 'Approved', 'en', 1),
(146, 'location', 1, 'Location', 'en', 0),
(147, 'edit_location', 1, 'Edit location', 'en', 1),
(148, 'create_location', 1, 'Create location', 'en', 1),
(149, 'show_location', 1, 'Show location', 'en', 1),
(150, 'location_all', 1, 'Back to all locations', 'en', 1),
(151, 'search_locations', 1, 'Search locations', 'en', 0),
(152, 'reset_your_password', 1, 'Reset your password', 'en', 0),
(153, 'back_to_login', 1, 'Back to login', 'en', 1),
(154, 'languages', 1, 'Languages', 'en', 0),
(155, 'language', 1, 'Language', 'en', 0),
(156, 'add_language', 1, 'Add language', 'en', 1),
(157, 'activate_language', 1, 'Activate language', 'en', 1),
(158, 'deactivate_language', 1, 'Deactivate language', 'en', 1),
(159, 'update_language', 1, 'Create/Update language', 'en', 1),
(160, 'code', 1, 'Code', 'en', 0),
(161, 'edit_language', 1, 'Edit language', 'en', 1),
(162, 'delete_language', 1, 'Delete language', 'en', 1),
(163, 'icon', 1, 'Flag', 'en', 1),
(164, 'activate_language_confirm', 1, 'Are your sure you want to activate this language?', 'en', 1),
(165, 'deactivate_language_confirm', 1, 'Are your sure you want to deactivate this language?', 'en', 1),
(166, 'make_featured_language', 1, 'Are you sure you want to make this language default?', 'en', 1),
(167, 'list_all_languages', 1, 'Back to all languages', 'en', 1),
(168, 'languages_list', 1, 'List of languages', 'en', 0),
(169, 'general', 1, 'General', 'en', 0),
(170, 'google', 1, 'Google', 'en', 0),
(171, 'contact', 1, 'Contact', 'en', 0),
(172, 'social', 1, 'Social', 'en', 0),
(173, 'phone_1', 1, 'Phone #1', 'en', 0),
(174, 'phone_2', 1, 'Phone #2', 'en', 0),
(175, 'phone', 1, 'Phone', 'en', 0),
(176, 'fax', 1, 'Fax', 'en', 0),
(177, 'email', 1, 'Email', 'en', 0),
(178, 'website', 1, 'Website', 'en', 0),
(179, 'map_longitude', 1, 'Map Longitude', 'en', 0),
(180, 'map_latitude', 1, 'Map Latitude', 'en', 0),
(181, 'facebook', 1, 'Facebook', 'en', 0),
(182, 'google_plus', 1, 'Google Plus', 'en', 0),
(183, 'twitter', 1, 'Twitter', 'en', 0),
(184, 'youtube', 1, 'Youtube', 'en', 0),
(185, 'instagram', 1, 'Instagram', 'en', 0),
(186, 'pinterest', 1, 'Pinterest', 'en', 0),
(187, 'linkedin', 1, 'LinkedIn', 'en', 0),
(188, 'tripadvisor', 1, 'TripAdvisor', 'en', 0),
(189, 'site_name', 1, 'Site name', 'en', 0),
(190, 'site_description', 1, 'Site description', 'en', 1),
(191, 'site_keywords', 1, 'Site keywords', 'en', 1),
(192, 'site_keywords_description', 1, 'Enter your site keywords, separated by a comma', 'en', 1),
(193, 'site_timezone', 1, 'Site timezone', 'en', 1),
(194, 'google_analytics', 1, 'Google analytics code', 'en', 1),
(195, 'google_analytics_description', 1, 'Google analytics tracking id', 'en', 1),
(196, 'google_maps_api', 1, 'Google maps API key', 'en', 1),
(197, 'users', 1, 'Users', 'en', 0),
(198, 'search_users', 1, 'Search users', 'en', 1),
(199, 'role', 1, 'Role', 'en', 1),
(200, 'owner ', 1, 'Owner', 'en', 0),
(201, 'confirm_password', 1, 'Confirm your password.', 'en', 0),
(202, 'delete_user', 1, 'Delete user', 'en', 0),
(203, 'validation_error', 1, 'There are errors in your form, please check the fields!', 'en', 0),
(204, 'user_all', 1, 'Back to all users', 'en', 1),
(206, 'upgrade_user', 1, 'Upgrade user', 'en', 1),
(207, 'success_upgrade_user', 1, 'Successfully upgraded.', 'en', 1),
(208, 'activate_user_confirm', 1, 'Are you sure you want to activate this user?', 'en', 1),
(209, 'deactivate_user_confirm', 1, 'Are you sure you want to deactivate this user?', 'en', 1),
(210, 'upgrade_user_confirm', 1, 'Are you sure you want to upgrade this user?', 'en', 1),
(211, 'email_unique', 1, 'Email address must be unique.', 'en', 0),
(212, 'activate_user', 1, 'Activate user', 'en', 1),
(213, 'deactivate_user', 1, 'Deactivate user', 'en', 0),
(214, 'request', 1, 'Request', 'en', 0),
(215, 'dismiss_request', 1, 'Dismiss request', 'en', 1),
(216, 'accept_request', 1, 'Accept request', 'en', 1),
(217, 'dismissed_request', 1, 'Request dismissed!', 'en', 1),
(218, 'completed_request', 1, 'Request completed!', 'en', 1),
(219, 'delete_request', 1, 'Delete request', 'en', 1),
(220, 'upgrade_confirm', 1, 'Are you sure you want to complete this request?', 'en', 1),
(221, 'upgrade_dismiss', 1, 'Are you sure you want to dismiss this request?', 'en', 1),
(222, 'service', 1, 'Service', 'en', 0),
(223, 'featured', 1, 'Featured', 'en', 0),
(224, 'create_service', 1, 'Create service', 'en', 1),
(225, 'standard', 1, 'Standard', 'en', 0),
(226, 'choose_features', 1, 'Choose features', 'en', 0),
(227, 'service_name', 1, 'Service name', 'en', 1),
(228, 'video', 1, 'Video', 'en', 0),
(229, 'delete_service', 1, 'Delete service', 'en', 1),
(230, 'edit_service', 1, 'Edit service', 'en', 1),
(231, 'activate_service', 1, 'Activate service', 'en', 1),
(232, 'deactivate_service', 1, 'Deactivate service', 'en', 1),
(233, 'make_featured_service', 1, 'Make this service featured', 'en', 1),
(234, 'make_default_service', 1, 'Make this service default', 'en', 1),
(235, 'make_featured_service_confirm', 1, 'Are you sure you want to make this service featured?', 'en', 1),
(236, 'make_default_service_confirm', 1, 'Are you sure you want to make this service default?', 'en', 1),
(237, 'edit_picture', 1, 'Edit picture', 'en', 1),
(238, 'view_service', 1, 'View service', 'en', 0),
(239, 'service_all', 1, 'Back to all services', 'en', 1),
(240, 'search_for_services', 1, 'Search for services', 'en', 0),
(241, 'success_service_featured', 1, 'Successfully upgraded to featured.', 'en', 1),
(242, 'success_service_default', 1, 'Successfully downgraded to default.', 'en', 1),
(243, 'business_hours_week', 1, 'Business hours Weekdays', 'en', 1),
(244, 'business_hours_sat', 1, 'Business hours Saturday', 'en', 1),
(245, 'business_hours_sun', 1, 'Business hours Sunday', 'en', 1),
(246, 'address_required', 1, 'Address is required!', 'en', 1),
(247, 'city_required', 1, 'City is required!', 'en', 1),
(248, 'country_required', 1, 'Country is required!', 'en', 1),
(249, 'drop_marker', 1, 'Type the city and drop the marker on the map.', 'en', 1),
(250, 'business_hours_validation', 1, 'Must be in \'xx:xx - xx:xx\' format.', 'en', 1),
(251, 'geo_lat', 1, 'Geo latitude', 'en', 1),
(252, 'geo_lon', 1, 'Geo longitude', 'en', 1),
(253, 'business_hours', 1, 'Business hours', 'en', 0),
(254, 'media', 1, 'Media', 'en', 0),
(255, 'social_networks', 1, 'Social networks', 'en', 0),
(256, 'upload_images', 1, 'Drag & Drop or click to upload your images.', 'en', 1),
(257, 'video_id', 1, 'Youtube/Vimeo video ID', 'en', 1),
(258, 'min_dimension_400', 1, 'Minimal dimensions: 400x300', 'en', 1),
(259, 'drag_marker', 1, 'Drag the marker to select exact address', 'en', 1),
(260, 'google_address_required', 1, 'Type your address here, and drop the marker below!', 'en', 1),
(261, 'category_required', 1, 'Category is required', 'en', 1),
(262, 'email_invalid', 1, 'Email is invalid', 'en', 0),
(263, 'min_dimension_1920', 1, 'Minimal Dimensions: 1920x600', 'en', 1),
(264, 'login_title', 1, 'Login', 'en', 0),
(265, 'reset_password_title', 1, 'Reset password', 'en', 0),
(266, 'reset', 1, 'Reset', 'en', 0),
(267, 'back_to_login', 1, 'Back to login', 'en', 1),
(268, 'welcome_admin', 1, 'Welcome admin', 'en', 1),
(269, 'booksi', 1, 'Booksi', 'en', 0),
(270, 'cms', 1, 'cms', 'en', 0),
(271, 'owners_settings', 1, 'Owners settings', 'en', 1),
(272, 'post_title_label', 1, 'Post title', 'en', 1),
(273, 'page_title_label', 1, 'Page title', 'en', 1),
(274, 'view_page', 1, 'View page', 'en', 1),
(275, 'delete_page', 1, 'Delete page', 'en', 1),
(276, 'edit_page', 1, 'Edit page', 'en', 1),
(277, 'activate_page', 1, 'Activate page', 'en', 1),
(278, 'deactivate_page', 1, 'Deactivate page', 'en', 1),
(279, 'activate_page_confirm', 1, 'Are you sure you want to activate this page?', 'en', 1),
(280, 'deactivate_page_confirm', 1, 'Are you sure you want to deactivate this page?', 'en', 1),
(281, 'enter_category_content', 1, 'Enter your category description here', 'en', 1),
(282, 'min_dimension_featured', 1, 'Please upload images with width at least 1300px', 'en', 1),
(283, 'upload_featured_image', 1, 'Upload featured image', 'en', 1),
(284, 'enter_category_name', 1, 'Enter category name here', 'en', 1),
(285, 'delete_category', 1, 'Delete category', 'en', 1),
(286, 'edit_category', 1, 'Edit category', 'en', 1),
(287, 'view_category', 1, 'View category', 'en', 1),
(288, 'enter_location_name', 1, 'Enter your location name', 'en', 1),
(289, 'enter_location_content', 1, 'Enter your location description', 'en', 1),
(290, 'location_name', 1, 'Location name', 'en', 1),
(291, 'delete_location', 1, 'Delete location', 'en', 1),
(292, 'view_location', 1, 'View location', 'en', 1),
(293, 'edit_location', 1, 'Edit location', 'en', 1),
(294, 'enter_type_content', 1, 'Enter this types description', 'en', 1),
(295, 'enter_type_name', 1, 'Enter this types name', 'en', 1),
(296, 'delete_type', 1, 'Delete type', 'en', 1),
(297, 'view_type', 1, 'View type', 'en', 1),
(298, 'edit_type', 1, 'Edit type', 'en', 1),
(299, 'approve_review_confirm', 1, 'Are you sure you want to approve this review?', 'en', 1),
(300, 'accept_review', 1, 'Accept review', 'en', 1),
(301, 'enter_service_name', 1, 'Enter service name here', 'en', 1),
(302, 'service_name', 1, 'Service name', 'en', 1),
(303, 'contact_tel1', 1, 'Contact phone #1', 'en', 1),
(304, 'contact_tel2', 1, 'Contact phone #2', 'en', 1),
(305, 'enter_service_content', 1, 'Enter this services description', 'en', 1),
(306, 'search_services', 1, 'Search for services', 'en', 1),
(307, 'category', 1, 'Category', 'en', 0),
(308, 'make_featured', 1, 'Make featured', 'en', 1),
(309, 'make_default', 1, 'Make default', 'en', 1),
(310, 'activate_service_confirm', 1, 'Are you sure you want to activate this service?', 'en', 1),
(311, 'deactivate_service_confirm', 1, 'Are you sure you want to deactivate this service?', 'en', 1),
(312, 'make_featured_confirm', 1, 'Are you sure you want to make this item featured?', 'en', 1),
(313, 'make_default_confirm', 1, 'Are you sure you want to make this language default?', 'en', 1),
(314, 'make_default', 1, 'Make default', 'en', 1),
(315, 'make_non_default', 1, 'Make non-default', 'en', 1),
(316, 'make_default_confirm', 1, 'Are you sure you want to make this language default?', 'en', 1),
(318, 'completed', 1, 'Completed', 'en', 0),
(319, 'upgrade_request', 1, 'Upgrade this user to owner', 'en', 1),
(320, 'edit_user', 1, 'Edit user', 'en', 1),
(321, 'view_user', 1, 'View user', 'en', 1),
(322, 'delete_user', 1, 'Delete user', 'en', 0),
(323, 'min_5', 1, 'Must be minimum 5 characters!', 'en', 1),
(324, 'success_make_default', 1, 'You have successfully changed default language!', 'en', 1),
(325, 'required_field', 1, 'This field is required!', 'en', 0),
(326, 'not_unique_field', 1, 'Already taken. Please choose another.', 'en', 0),
(327, 'min_6', 1, 'Minimum 6 characters.', 'en', 0),
(328, 'max_16', 1, 'Maximum 16 characters.', 'en', 0),
(329, 'password_confirmed_error', 1, 'Passwords do not match!', 'en', 0),
(330, 'max_20', 1, 'Maximum 20 characters!', 'en', 0),
(331, 'not_valid_image', 1, 'The image is not valid!', 'en', 1),
(332, 'delete_request_completed', 1, 'Request deleted!', 'en', 1),
(333, 'phone_number_validation', 1, 'Valid ex. format: +123 12312312', 'en', 0),
(334, 'website_validation', 1, 'Not a valid website', 'en', 1),
(335, 'max_50', 1, 'Maximum 50 characters!', 'en', 1),
(336, 'min_100', 1, 'Minimum 100 characters!', 'en', 1),
(337, 'image_deleted', 1, 'Image successfully deleted!', 'en', 1),
(338, 'image_uploaded', 1, 'Image successfully uploaded!', 'en', 1),
(339, 'text_remove', 1, 'Remove', 'en', 1),
(340, 'big_image', 1, 'Max allowed size is 1MB', 'en', 1),
(341, 'design_settings', 1, 'Design Settings', 'en', 1),
(342, 'translator', 1, 'Strings translator', 'en', 1),
(343, 'key', 1, 'Key', 'en', 0),
(344, 'string', 1, 'String', 'en', 0),
(345, 'search_key_here', 1, 'Search your string here ...', 'en', 1),
(346, 'last', 1, 'Last', 'en', 0),
(347, 'first', 1, 'First', 'en', 0),
(348, 'previous', 1, 'Previous', 'en', 0),
(349, 'next', 1, 'Next', 'en', 0),
(350, 'edit_string', 1, 'Edit string', 'en', 1),
(351, 'fill_all_fields_strings', 1, 'If you don\'t fill all fields, the CMS will use the the default strings for the missing ones.', 'en', 1),
(353, 'successfully_updated', 1, 'Succesfully updated!', 'en', 0),
(354, 'strings_on_english_left_blank', 1, 'Strings on English cannot be left blank! ', 'en', 1),
(356, 'please_check_default_language', 1, 'You cannot leave default language (English) string blank!', 'en', 1),
(363, 'start_date', 1, 'Start date', 'en', 0),
(364, 'end_date', 1, 'End date', 'en', 0),
(365, 'guest_number', 1, 'Guests number', 'en', 0),
(366, 'booking', 1, 'Booking', 'en', 0),
(367, 'property', 1, 'Property', 'en', 0),
(368, 'user_info', 1, 'User info', 'en', 0),
(369, 'approve_booking', 1, 'Approve booking', 'en', 1),
(370, 'disapprove_booking', 1, 'Disapprove booking', 'en', 1),
(371, 'delete_booking', 1, 'Delete booking', 'en', 1),
(372, 'activate_booking_confirm', 1, 'Are you sure you want to complete this booking? ', 'en', 1),
(373, 'add_string', 1, 'Add string', 'en', 1),
(374, 'enter_string_key', 1, 'Enter strings key here', 'en', 1),
(375, 'english', 1, 'English', 'en', 0),
(376, 'string_key_required', 1, 'Strings key is required field!', 'en', 1),
(386, 'points', 1, 'Points', 'en', 1),
(388, 'property_number', 1, 'Property #', 'en', 1),
(390, 'service_number', 1, 'Service #', 'en', 1),
(392, 'edit_owner', 1, 'Edit owner', 'en', 1),
(394, 'company', 1, 'Company', 'en', 0),
(396, 'success_deactivated', 1, 'Successfully deactivated!', 'en', 1),
(398, 'sucess_activated', 1, 'Successfully activated!', 'en', 1),
(400, 'success_activated', 1, 'Successfully activated!', 'en', 1),
(402, 'back_to_owners', 1, 'Back to owners', 'en', 1),
(404, 'latest_visits', 1, 'Latest visits', 'en', 1),
(406, 'latest_purchases', 1, 'Latest purchases', 'en', 1),
(408, 'date_of_purchase', 1, 'Date of purchase', 'en', 1),
(410, 'points_purchased', 1, 'Points purchased', 'en', 1),
(412, 'price', 1, 'Price', 'en', 0),
(414, 'activities', 1, 'Activities', 'en', 1),
(416, 'timezone', 1, 'Timezone', 'en', 1),
(418, 'select_timezone', 1, 'Select timezone', 'en', 1),
(420, 'select_dateformat', 1, 'Select timeformat', 'en', 1),
(422, 'dateformat', 1, 'Dateformat', 'en', 1),
(427, 'owner_all', 1, 'Back to owners', 'en', 1),
(428, 'payment_method', 1, 'Payment method', 'en', 1),
(429, 'details', 1, 'Details', 'en', 0),
(430, 'search_owners', 1, 'Search owners', 'en', 0),
(431, 'google_maps_zoom', 1, 'Google maps default zoom - number from 10 to 18', 'en', 1),
(432, 'google_maps_zoom_label', 1, 'Google maps default zoom', 'en', 1),
(433, 'google_map_styles', 1, 'Enter google maps styles here (get them from snazzymaps.com)', 'en', 1),
(434, 'google_map_styles_label', 1, 'Google map styles', 'en', 0),
(435, 'show_property_categories_0', 1, 'Show Categories that have 0 Properties in search', 'en', 1),
(436, 'show_property_types_0', 1, 'Show Types that have 0 Properties in search', 'en', 1),
(437, 'show_property_locations_0', 1, 'Show Locations that have 0 Properties in search', 'en', 1),
(438, 'properties_approved_by_admin', 1, 'Properties should be approved by admin', 'en', 1),
(439, 'allow_featured_properties ', 1, 'Allow featured properties', 'en', 1),
(440, 'autoapprove_booking', 1, 'Auto approve bookings', 'en', 1),
(441, 'show_available_amenities_only', 1, 'Show only available amenities', 'en', 1),
(442, 'allow_featured_properties', 1, 'Allow featured properties', 'en', 1),
(443, 'phone_required_booking', 1, 'Phone is required while booking', 'en', 1),
(444, 'allow_featured_services', 1, 'Allow featured services', 'en', 1),
(445, 'services_approved_by_admin', 1, 'Services should be approved by admin', 'en', 1),
(446, 'guest_booking_label', 1, 'Allow guest booking', 'en', 1),
(447, 'login_with_facebook', 1, 'Login with Facebook', 'en', 0),
(448, 'login_with_facebook_label', 1, 'Allow login with Facebook', 'en', 1),
(449, 'login_with_google_plus_label', 1, 'Allow login with Google Plus', 'en', 1),
(450, 'send_welcome_email', 1, 'Send welcome email', 'en', 1),
(451, 'recaptcha_label', 1, 'Enable reCaptcha', 'en', 1),
(452, 'approve_requests_auto_label', 1, 'Approve owner requests automatically', 'en', 1),
(453, 'allow_user_requests_label', 1, 'Allow owner\'s requests', 'en', 1),
(454, 'allow_owners_services_label', 1, 'Allow owners to post services', 'en', 1),
(455, 'location_required', 1, 'Location is required!', 'en', 1),
(456, 'type_required', 1, 'Type is required!', 'en', 1),
(457, 'search_properties', 1, 'Search for properties', 'en', 0),
(458, 'create_property', 1, 'Create property', 'en', 1),
(459, 'edit_property', 1, 'Edit property', 'en', 1),
(460, 'view_property', 1, 'View property', 'en', 1),
(461, 'delete_property', 1, 'Delete property', 'en', 1),
(462, 'activate_property', 1, 'Activate property', 'en', 1),
(463, 'deactivate_property', 1, 'Deactivate property', 'en', 1),
(464, 'activate_property_confirm', 1, 'Are you sure you want to activate this property?', 'en', 1),
(465, 'deactivate_property_confirm', 1, 'Are you sure you want to deactivate this property?', 'en', 1),
(466, 'property_all', 1, 'Back to properties', 'en', 1),
(467, 'enter_property_name', 1, 'Enter property name', 'en', 1),
(468, 'property_name', 1, 'Property name', 'en', 1),
(469, 'enter_property_content', 1, 'Enter property description', 'en', 1),
(470, 'choose_type', 1, 'Select type', 'en', 1),
(471, 'choose_location', 1, 'Select location', 'en', 0),
(472, 'max_100', 1, 'Maximum 100 characters', 'en', 1),
(473, 'property_availability', 1, 'Property availability', 'en', 0),
(474, 'selected_days', 1, 'Selected days', 'en', 1),
(475, 'past_days', 1, 'Past days', 'en', 1),
(476, 'today', 1, 'Today', 'en', 1),
(477, 'legend', 1, 'Legend', 'en', 1),
(478, 'booked_days', 1, 'Booked days', 'en', 1),
(479, 'booked_days_by_owner', 1, 'Booked days by owner', 'en', 1),
(480, 'information', 1, 'Information', 'en', 0),
(481, 'update_dates', 1, 'Update dates', 'en', 1),
(482, 'dates_explanation', 1, 'Select the dates your property is booked, and then click on Update so the dates are stored in the database. Already selected dates are (and those that are Booked) are already on the calendar.', 'en', 1),
(483, 'follow_us', 1, 'Follow Us', 'en', 0),
(484, 'contact', 1, 'Contact', 'en', 0),
(485, 'about_us', 1, 'About us', 'en', 0),
(486, 'view_all_blog_posts', 1, 'View all blog posts', 'en', 0),
(487, 'choose_your_location', 1, 'Choose your location', 'en', 0),
(488, 'choose_your_category', 1, 'Choose your category', 'en', 0),
(489, 'search', 1, 'Search', 'en', 0),
(490, 'properties_in', 1, 'Properties in', 'en', 0),
(491, 'search_for', 1, 'Search for', 'en', 0),
(492, 'home', 1, 'Home', 'en', 0),
(493, 'show_featured_locations', 1, 'Show featured locations section', 'en', 0),
(494, 'show_featured_properties', 1, 'Show featured properties section', 'en', 0),
(495, 'show_quick_boxes', 1, 'Show quick boxes section', 'en', 0),
(496, 'show_blog_section', 1, 'Show latest blog section', 'en', 0),
(497, 'show_icons_section', 1, 'Show icons section', 'en', 0),
(498, 'sign_in', 1, 'Sign in', 'en', 0),
(499, 'welcome_text', 1, 'Welcome text', 'en', 0),
(500, 'slider_heading', 1, 'Slider heading', 'en', 1),
(501, 'slider_subheading', 1, 'Slider subheading', 'en', 1),
(502, 'show_social_top_bar', 1, 'Show social icons in top bar', 'en', 1),
(503, 'register', 1, 'Register', 'en', 0),
(504, 'guest', 1, 'Guest', 'en', 0),
(505, 'cannot_delete_default_language', 1, 'You can only edit main Language, not delete it!', 'en', 1),
(506, 'my_account', 1, 'My Account', 'en', 0),
(507, 'add_property', 1, 'Add Property', 'en', 1),
(508, 'featured_locations_section', 1, 'Featured Locations section', 'en', 1),
(509, 'featured_properties_section', 1, 'Featured Properties section', 'en', 1),
(510, 'enable_this_section_first', 1, 'You must enable this section first in the settings and click on Update!', 'en', 1),
(511, 'fl_heading', 1, 'Featured Location section heading', 'en', 0),
(512, 'fl_subheading', 1, 'Featured Location section subheading', 'en', 1),
(513, 'fl_location_text', 1, 'Location Text', 'en', 1),
(514, 'fl_location_link', 1, 'Location Link', 'en', 1),
(515, 'upload', 1, 'Upload', 'en', 0),
(517, 'featured_properties_section', 1, 'Featured Properties section', 'en', 1),
(518, 'quick_boxes_section', 1, 'Quick Boxes section', 'en', 1),
(519, 'blog_section', 1, 'Blog Section', 'en', 1),
(520, 'icons_section', 1, 'Icons Section', 'en', 1),
(521, 'fp_subheading', 1, 'Featured Properties subheading', 'en', 1),
(522, 'fp_heading', 1, 'Featured Properties heading', 'en', 1),
(523, 'fp_show_featured_only', 1, 'Show featured properties only', 'en', 1),
(524, 'fp_properties_count', 1, 'Properties to show (number)', 'en', 1),
(525, 'lb_heading', 1, 'Latest Blog heading', 'en', 1),
(526, 'lb_subheading', 1, 'Latest Blog subheading', 'en', 1),
(527, 'qs_heading', 1, 'Quick Search heading', 'en', 1),
(528, 'qs_subheading', 1, 'Quick Search subheading', 'en', 1),
(529, 'qs_box_head', 1, 'Box heading', 'en', 1),
(530, 'qs_box_sub', 1, 'Box subheading', 'en', 1),
(531, 'qs_box_text', 1, 'Box text', 'en', 1),
(532, 'note_for_is', 1, 'To find proper code for your icon, go to http://fontawesome.io/icons/, click on the icon and copy the icon code, for example: \'fa-address-book\'', 'en', 1),
(533, 'is_icon_head', 1, 'Icon Box heading', 'en', 1),
(534, 'is_icon_icon', 1, 'Icon Box icon', 'en', 1),
(535, 'is_icon_text', 1, 'Icon Box text', 'en', 1),
(536, 'copyright_text', 1, 'Copyright text (HTML allowed)', 'en', 1),
(537, 'footer_social', 1, 'Show Social icons in Footer', 'en', 1),
(538, 'footer', 1, 'Footer', 'en', 0),
(539, 'powered_by', 1, '<a href=\"http://example.com\">Powered by <strong>Booksi</strong> cms</a>', 'en', 0),
(540, 'footer_widget', 1, 'Footer Widget', 'en', 0),
(541, 'slider_background', 1, 'Slider background image (min dimension 1920x800). Current image: ', 'en', 1),
(542, 'qs_background', 1, 'Quick Search background image (min dimension 1920x800). Current image: ', 'en', 1),
(543, 'taxonomy', 1, 'Taxonomy', 'en', 1),
(544, 'upload_map_icon', 1, 'Upload map icon', 'en', 1),
(545, 'map_icon_required', 1, 'Map Icon is required. Reccomended Dimension: 64x64px', 'en', 1),
(546, 'property_fees', 1, 'Property fees', 'en', 0),
(547, 'cleaning_fee', 1, 'Cleaning fee', 'en', 0),
(548, 'city_fee', 1, 'City fee', 'en', 0),
(549, 'property_info', 1, 'Property info', 'en', 0),
(550, 'property_size', 1, 'Property size', 'en', 0),
(551, 'property_rooms', 1, 'Property rooms', 'en', 0),
(552, 'property_bedrooms', 1, 'Property bedrooms', 'en', 0),
(553, 'property_bathrooms', 1, 'Property bathrooms', 'en', 0),
(554, 'guests_number', 1, 'Guest number', 'en', 0),
(555, 'price_d_30', 1, 'Price per 30+ nights', 'en', 0),
(556, 'price_d_1', 1, 'Price per day', 'en', 0),
(557, 'price_d_5', 1, 'Price per 5+ nights', 'en', 0),
(558, 'price_d_15', 1, 'Price per 15+ nights', 'en', 0),
(559, 'property_prices', 1, 'Property prices', 'en', 0),
(560, 'posted_by', 1, 'Posted by', 'en', 0),
(561, 'explore', 1, 'Explore', 'en', 0),
(562, 'services_allowed', 1, 'Allow Services', 'en', 1),
(563, 'footer_menu_head', 1, 'Footer menu title', 'en', 1),
(564, 'link', 1, 'Link', 'en', 0),
(565, 'text', 1, 'Text', 'en', 0),
(566, 'footer_menu', 1, 'Footer menu', 'en', 1),
(567, 'rooms', 1, 'Rooms', 'en', 0),
(568, 'guests', 1, 'Guests', 'en', 0),
(569, 'size', 1, 'Size', 'en', 0),
(570, 'per_night', 1, 'per night', 'en', 0),
(571, 'load_more', 1, 'Load More', 'en', 0),
(572, 'filter_results', 1, 'Filter Results', 'en', 0),
(573, 'keywords', 1, 'Keywords', 'en', 0),
(574, 'filter_properties', 1, 'Filter Properties', 'en', 0),
(575, 'filter_by_feature', 1, 'Filter by Feature', 'en', 0),
(576, 'max_price', 1, 'Max price', 'en', 0),
(577, 'price_range_max', 1, 'Price range max value', 'en', 0),
(578, 'measurement_unit', 1, 'Measurement unit', 'en', 0),
(579, 'maximum_price', 1, 'Max. Price', 'en', 0),
(580, 'price_range', 1, 'Price range', 'en', 0),
(581, 'rooms_number_max', 1, 'Rooms number max (for filter, number only)', 'en', 1),
(582, 'guest_number_max', 1, 'Guest numbers max (for filter, number only)', 'en', 1),
(583, 'rooms_number', 1, 'Rooms number', 'en', 0),
(584, 'page', 1, 'Page', 'en', 0),
(585, 'go_to_services', 1, 'Go to services', 'en', 0),
(586, 'or', 1, 'or', 'en', 0),
(587, 'checking_out', 1, 'Checking out', 'en', 0),
(588, 'checking_in', 1, 'Checking in', 'en', 0),
(589, 'price_per_night', 1, 'Price per night', 'en', 0),
(590, 'read_less', 1, 'Read less', 'en', 0),
(591, 'read_more', 1, 'Read more', 'en', 0),
(592, 'owner', 1, 'Owner', 'en', 0),
(593, 'information', 1, 'Information', 'en', 0),
(594, 'description', 1, 'Description', 'en', 0),
(595, 'weekdays', 1, 'Weekdays', 'en', 0),
(596, 'saturday', 1, 'Saturday', 'en', 0),
(597, 'sunday', 1, 'Sunday', 'en', 0),
(598, 'similar_services', 1, 'Similar services', 'en', 0),
(599, 'submit', 1, 'Submit', 'en', 0),
(600, 'connected_item', 1, 'This item is connected with Properties/Services thus cannot be deleted. Deactivate it instead.', 'en', 1),
(601, 'you_broke_internet', 1, 'You broke the internet!!', 'en', 0),
(602, 'your_subject', 1, 'Subject*', 'en', 0),
(603, 'your_email', 1, 'Your email*', 'en', 0),
(604, 'your_name', 1, 'Your name*', 'en', 0),
(605, 'your_message', 1, 'Your message*', 'en', 0),
(606, 'please_fill_all_fields', 1, 'Please fill all fields to register an account.', 'en', 0),
(607, 'update_account_info', 1, 'Update your account details here, please fill all information!', 'en', 0),
(608, 'update_account_request', 1, 'You can send request to became Owner and then you will be able to post Properties and Services. ', 'en', 0),
(609, 'request_confirm', 1, 'Are you sure you want to send this request?', 'en', 0),
(610, 'text_for_request', 1, 'Thank you for your request, you will be notified soon about its status.', 'en', 0),
(611, 'map_icon', 1, 'Map icon', 'en', 0),
(612, 'sort_results', 1, 'Sort results', 'en', 0),
(613, 'price_asc', 1, 'Price asc', 'en', 0),
(614, 'price_desc', 1, 'Price desc', 'en', 0),
(615, 'default', 1, 'Default', 'en', 0),
(616, 'contact_email_msg', 1, 'Someone contacted your via contact form on your website. Bellow are the information provided. ', 'en', 0),
(619, 'from', 1, 'From', 'en', 0),
(620, 'email_sent_success', 1, 'Thank you for your message. We will reply ASAP.', 'en', 0),
(621, 'all', 1, 'All', 'en', 0),
(622, 'thank_you_for_register', 1, 'Thank you for your registration. You can login to your account now.', 'en', 0),
(623, 'to', 1, 'to', 'en', 0),
(624, 'have_nice_stay', 1, ', have a nice stay. Here are your details: ', 'en', 0),
(625, 'similar_properties', 1, 'Similar Properties', 'en', 0),
(626, 'total', 1, 'Total', 'en', 0),
(627, 'book_now', 1, 'Book now', 'en', 0),
(628, 'nights', 1, 'Nights', 'en', 0),
(629, 'fill_fields_to_book', 1, 'Please fill all fields to book!', 'en', 0),
(630, 'dates_overlap', 1, 'Dates overlap with other booking. Please select another dates.', 'en', 0),
(631, 'thank_you_for_book', 1, 'Thank you for your booking. We will contact you asap.', 'en', 0),
(632, 'company_logo', 1, 'Company logo', 'en', 1),
(633, 'add_points', 1, 'Add Points', 'en', 1),
(634, 'prices', 1, 'Prices', 'en', 1),
(635, 'month_featured', 1, '1 month featured', 'en', 1),
(636, '3months_featured', 1, '3 months featured', 'en', 1),
(637, 'week_featured', 1, '1 week featured', 'en', 1),
(638, 'choose_your_package', 1, 'Choose your package', 'en', 1),
(639, 'not_enough_points', 1, 'Please buy more points!', 'en', 1),
(640, 'item', 1, 'Item', 'en', 1),
(641, 'entrance_fee', 1, 'Entrance fee', 'en', 1),
(642, 'canceled_payment', 1, 'You have canceled the payment. Try again whenever you are ready.', 'en', 0),
(643, 'thank_you_purchase', 1, 'Thank you for your purchase, enjoy using our services!', 'en', 0),
(644, 'buy_points_on', 1, 'Buy points on ', 'en', 1),
(645, 'entrance_fee_text', 1, 'In order to use our services, you need to pay one-time fee. Buy package of points, and it will automatically take the entrance fee from the package. The rest of the points can be used to buy Featured Properties or Services. Thank you for choosing us!', 'en', 1),
(646, 'redirected_to_dashboard', 1, 'You will be redirected in few seconds.', 'en', 0),
(647, 'is', 1, 'is', 'en', 1),
(648, 'buy_points', 1, 'Buy Points', 'en', 1),
(649, 'transaction', 1, 'Transaction', 'en', 1),
(650, 'buy_points_text', 1, 'You can use your points to buy featured packages for your properties and services.', 'en', 1),
(651, 'choose_payment_method', 1, 'Choose payment method', 'en', 0),
(652, 'credit_card_number', 1, 'Credit Card number', 'en', 1),
(653, 'enter_your_payment_details', 1, 'Please enter your payment details', 'en', 0),
(654, 'expiration_month', 1, 'Expiration month', 'en', 1),
(655, 'expiration_year', 1, 'Expiration Year', 'en', 1),
(656, 'currency_code', 1, 'Currency code', 'en', 1),
(657, 'currency_symbol', 1, 'Currency symbol', 'en', 1),
(658, 'paypal', 1, 'PayPal', 'en', 1),
(659, 'stripe', 1, 'Stripe', 'en', 1),
(660, 'allow_stripe', 1, 'Allow Stripe', 'en', 1),
(661, 'allow_paypal', 1, 'Allow Paypal', 'en', 1),
(662, 'paypal_username', 1, 'PayPal API Username', 'en', 1),
(663, 'paypal_password', 1, 'PayPal API Password', 'en', 1),
(664, 'paypal_signature', 1, 'PayPal API Signature', 'en', 1),
(665, 'paypal_sandbox', 1, 'PayPal Sandbox', 'en', 1),
(666, 'note_for_paypal', 1, 'You can find more information on how to obtain these information from PayPal here: https://goo.gl/BMgDxz', 'en', 1),
(667, 'note_for_stripe', 1, 'You can find more information on how to obtain these information from Stripe here: https://goo.gl/JiyKGl', 'en', 1),
(668, 'stripe_secret_api_key', 1, 'Stripe Secret API Key', 'en', 1),
(669, 'stripe_public_api_key', 1, 'Stripe Public API Key', 'en', 1),
(670, 'general_and_packages', 1, 'General and Packages', 'en', 1),
(671, 'show_add_points_menu', 1, 'Show Add Points menu (Owners)', 'en', 1),
(672, 'show_price_menu', 1, 'Show Prices menu (Owners)', 'en', 1),
(673, 'note_for_reCaptcha', 1, 'You can find more information on how to obtain these information for reCaptcha here: https://goo.gl/WlIxzH', 'en', 1),
(674, 'reCaptcha_api', 1, 'reCaptcha API Key', 'en', 1),
(675, 'fill_captcha', 1, 'Please complete captcha!', 'en', 0),
(676, 'reCaptcha_api_secret', 1, 'reCaptcha Api Secret Key', 'en', 1),
(677, 'refresh_and_try_again', 1, 'Refresh and try again!', 'en', 0),
(678, 'activate_item', 1, 'Are you sure you want to activate this item?', 'en', 0),
(679, 'your_phone', 1, 'Your Phone', 'en', 0),
(680, 'login_to_book', 1, 'Please login to book!', 'en', 0),
(683, 'allow_blog', 1, 'Allow Blog', 'en', 1),
(684, 'please_activate_account_first', 1, 'Please activate your account first, we have sent you a activation mail. If you have not received it, contact us!', 'en', 0),
(685, 'activation_mail_sent', 1, 'We have sent you an activation code. Please check your e-mail.', 'en', 0),
(686, 'activate_account_email', 1, 'In order to complete your registration, you need to activate your account first by visiting the link below. ', 'en', 0),
(687, 'activate_account', 1, 'Activate account', 'en', 0),
(688, 'account_successfully_activated', 1, 'You have successfully activated your account! Please login now!', 'en', 0),
(689, 'resend_activation_mail', 1, 'Resend activation mail', 'en', 0),
(690, 'wrong_email', 1, 'Wrong email! Please try again.', 'en', 0),
(691, 'reset_password', 1, 'Reset password', 'en', 0),
(692, 'enter_your_new_password', 1, 'Enter your new password!', 'en', 0),
(693, 'we_sent_reset_mail', 0, 'We have sent instructions to reset your password in your mail!', 'en', 0),
(694, 'mail_after_text', 1, 'If you’re having trouble clicking the button, copy and paste the URL below into your web browser:', 'en', 0),
(695, 'regards', 1, 'Regards', 'en', 0),
(696, 'reply', 1, 'Reply', 'en', 0),
(697, 'thank_you_for_book_mail', 1, 'Thank you for booking! We are going to contact you for confirmation. Here are your booking details:', 'en', 0),
(698, 'mail_after_text_book', 1, 'This booking will now show in your account! (if you have one)', 'en', 0),
(699, 'reject_booking', 1, 'Reject Booking', 'en', 0),
(700, 'reject_booking_confirm', 1, 'Are you sure you want to reject this booking? Enter the reason below.', 'en', 0),
(701, 'successfully_accepted', 1, 'Successfully accepted!', 'en', 0),
(702, 'successfully_rejected', 1, 'Successfully rejected!', 'en', 0),
(703, 'booking_is_confirmed', 1, 'Your booking is successfully confirmed! We are expecting you.', 'en', 0),
(704, 'booking_is_rejected', 1, 'Your booking has been rejected! You can read the reason below.', 'en', 0),
(705, 'booking_rejected', 1, 'Booking rejected', 'en', 0),
(706, 'booking_accepted', 1, 'Booking Accepted', 'en', 0),
(707, 'reason', 1, 'Reason', 'en', 0),
(708, 'style_settings', 1, 'Style Settings', 'en', 1),
(709, 'primary_color', 1, 'Primary Color', 'en', 1),
(710, 'primary_color_hover', 1, 'Primary Color Hover', 'en', 1),
(711, 'note_for_style', 1, 'At the moment we only support changing primary and its hover color, but in the future we will expand this section by allowing users to change all colors and fonts. Clusters for map must be changed in Photoshop (PS files are included!)', 'en', 1),
(712, 'select_file', 1, 'Select file', 'en', 1),
(713, 'import', 1, 'Import', 'en', 1),
(714, 'select_exported_file_only', 1, 'You can only import previously exported file.', 'en', 1),
(715, 'note_for_apiGoogleMap', 1, 'You can find more information on how to obtain these information for Google Maps Api here: https://goo.gl/BMgDxz', 'en', 1),
(716, 'upload_home_image', 1, 'Upload Home Image', 'en', 1), /* <-- Start Here 1.1 --> */
(717,  'order', 1, 'Order', 'en', 1),
(718,  'alias', 1, 'Alias', 'en', 1),
(719,  'share', 1, 'Share', 'en', 0),
(720,  'meta', 1, 'Meta', 'en', 1),
(721,  'meta_keywords', 1, 'Meta Keywords', 'en', 1),
(722,  'meta_description', 1, 'Meta Description', 'en', 1),
(723,  'meta_title', 1, 'Meta Title', 'en', 1),
(724,  'show_first_image', 1, 'Show first image as Header Background', 'en', 1),
(725,  'edit_faq', 1, 'Edit FAQ', 'en', 1),
(726,  'create_faq', 1, 'Create FAQ', 'en', 1),
(727,  'view_faq', 1, 'View FAQ', 'en', 1),
(728,  'faq_all', 1, 'Back to FAQ', 'en', 1),
(729,  'faq', 1, 'FAQ', 'en', 1),
(730,  'answer', 1, 'Answer', 'en', 1),
(731,  'question', 1, 'Question', 'en', 1),
(732,  'add_currency', 1, 'Add Currency', 'en', 1),
(733,  'delete_currency', 1, 'Delete Currency', 'en', 1),
(734,  'currencies', 1, 'Currencies', 'en', 1),
(735,  'exchange_rate', 1, 'Exchange Rate (1.00000 for default currency)', 'en', 1),
(736,  'currency', 1, 'Currency', 'en', 1),
(737,  'exchange_rate_label', 1, 'Exchange Rate', 'en', 1),
(738,  'currency_code_default', 1, 'Default Currency Code', 'en', 1),
(739,  'currency_position', 1, 'Currency Code Position', 'en', 1),
(740,  'before', 1, 'Before', 'en', 1),
(741,  'after', 1, 'After', 'en', 1),
(742,  'contact_owner', 1, 'Contact Owner', 'en', 0),
(743,  'active_balance', 1, 'Active Balance', 'en', 1),
(744,  'pending_balance', 1, 'Pending Balance', 'en', 1),
(745,  'host_commission', 1, 'Host Commissions', 'en', 1),
(746,  'packages', 1, 'Packages', 'en', 1),
(747,  'featured_items', 1, 'Featured Items', 'en', 1),
(748,  'withdrawal', 1, 'Withdrawal', 'en', 1),
(749,  'paypal_withdrawal', 1, 'Paypal Withdrawal', 'en', 1),
(750,  'bank_withdrawal', 1, 'Bank Withdrawal', 'en', 1),
(751,  'not_enough_balance', 1, 'You dont have enough balance for this action!', 'en', 1),
(752,  'withdrawals', 1, 'Withdrawals', 'en', 1),
(753,  'amount', 1, 'Amount', 'en', 1),
(754,  'request_withdrawal', 1, 'Request Withdrawal', 'en', 1),
(755,  'enter_withdrawal_data', 1, 'Enter Email for Paypal | IBAN, SWIFT, Account Name, Account Number for Bank Transfer', 'en', 1),
(756,  'booking_by_payment', 1, 'Bookings are made with Payment', 'en', 1),
(757,  'latest_payments', 1, 'Latest Payments', 'en', 1),
(758,  'owner_total_payment', 1, 'Your Total Payments', 'en', 1),
(759,  'admin_total_payment', 1, 'Owner Total Payments', 'en', 1),
(760,  'admin_total_earning', 1, 'Earnings (after commission)', 'en', 1),
(761,  'commission', 1, 'Commission', 'en', 1),
(762,  'days_after_check_in', 1, 'How much days after check in pending becomes active balance?', 'en', 1),
(763,  'grand_total', 1, 'Grand Total', 'en', 0),
(764,  'fees', 1, 'Fees', 'en', 0),
(765,  'pay_for_your_book', 1, 'Pay for your Booking', 'en', 0),
(766,  'thank_you_pay_booking', 1, 'Your payment is successful and Booking received. Thank you!', 'en', 0),
(767, 'enable_this_section_first', 0, '', 'en', 1),
(768, 'map_icon_required', 0, 'Map Icon is required. Reccomended Dimension: 64x64px', 'en', 1),
(769, 'successfully_imported', 0, 'You have successfully imported your strings!', 'en', 1),
(770, 'thank_you_for_review', 1, 'Thank you for your review!', 'en', 0),
(771, 'opt_welcome_text', 1, 'Welcome', 'en', 0),
(772, 'opt_slider_heading', 1, 'Find the best places to be!', 'en', 0),
(773, 'opt_slider_subheading', 1, 'Start your journey with us now!', 'en', 0),
(774, 'opt_fl_heading', 1, 'Most popular locations', 'en', 0),
(775, 'opt_fp_heading', 1, 'Featured Properties', 'en', 0),
(776, 'opt_fp_subheading', 1, 'Integer nec condimentum mi. Cras ac fringilla diam. Proin fermentum cursus malesuada. Nullam luctus neque a tellus suscipit, ut dignissim augue aliquet.', 'en', 0),
(777, 'opt_qs_heading', 1, 'Quick and Easy search', 'en', 0),
(778, 'opt_qs_subheading', 1, 'Integer nec condimentum mi. Cras ac fringilla diam. Proin fermentum cursus malesuada. Nullam luctus neque a tellus suscipit, ut dignissim augue aliquet.', 'en', 0),
(779, 'opt_qs_box1_head', 1, 'Category', 'en', 0),
(780, 'opt_qs_box1_sub', 1, 'Lorem ipsum dorem apem, no mas', 'en', 0),
(781, 'opt_qs_box1_text', 1, 'Integer nec condimentum mi. Cras ac fringilla diam. Proin fermentum cursus malesuada. Nullam luctus neque a tellus suscipit, ut dignissim augue aliquet.', 'en', 0),
(782, 'opt_qs_box2_sub', 1, 'Lorem ipsum dorem apem, no mas', 'en', 0),
(783, 'opt_qs_box2_text', 1, 'Integer nec condimentum mi. Cras ac fringilla diam. Proin fermentum cursus malesuada. Nullam luctus neque a tellus suscipit, ut dignissim augue aliquet.', 'en', 0),
(784, 'opt_qs_box3_sub', 1, 'Lorem ipsum dorem apem, no mas', 'en', 0),
(785, 'opt_qs_box3_text', 1, 'Integer nec condimentum mi. Cras ac fringilla diam. Proin fermentum cursus malesuada. Nullam luctus neque a tellus suscipit, ut dignissim augue aliquet.', 'en', 0),
(786, 'opt_qs_box2_head', 1, 'Location', 'en', 0),
(787, 'opt_qs_box3_head', 1, 'Book your Property', 'en', 0),
(788, 'opt_lb_heading', 1, 'Latest from Blog', 'en', 0),
(789, 'opt_lb_subheading', 1, 'Integer nec condimentum mi. Cras ac fringilla diam. Proin fermentum cursus malesuada. Nullam luctus neque a tellus suscipit, ut dignissim augue aliquet.', 'en', 0),
(790, 'opt_fl_subheading', 1, 'Integer nec condimentum mi. Cras ac fringilla diam. Proin fermentum cursus malesuada. Nullam luctus neque a tellus suscipit, ut dignissim augue aliquet.', 'en', 0),
(791, 'opt_footer_menu1_head', 1, 'Information', 'en', 0),
(792, 'opt_footer_menu2_head', 1, 'Useful Links', 'en', 0),
(793, 'opt_footer_menu1_text1', 1, 'About us', 'en', 0),
(794, 'opt_footer_menu1_text2', 1, 'Terms of Use', 'en', 0),
(795, 'opt_footer_menu1_text3', 1, 'Privacy Policy', 'en', 0),
(796, 'opt_footer_menu1_text4', 1, 'How to use', 'en', 0),
(797, 'opt_footer_menu1_text5', 1, 'House Rules', 'en', 0),
(798, 'opt_footer_menu2_text1', 1, 'About', 'en', 0),
(799, 'opt_footer_menu2_text2', 1, 'Contact', 'en', 0),
(800, 'opt_footer_menu2_text3', 1, 'Demo Link', 'en', 0),
(801, 'opt_footer_menu2_text4', 1, 'How to buy', 'en', 0),
(802, 'opt_footer_menu2_text5', 1, 'Blog', 'en', 0),
(803, 'opt_site_description', 1, 'Integer nec condimentum mi. Cras ac fringilla diam. Proin fermentum cursus malesuada. ', 'en', 0),
(804, 'google_client_id', 1, 'Google Client ID', 'en', 1),
(805, 'facebook_client_id', 1, 'Facebook APP ID', 'en', 1),
(806, 'google_client_secret', 1, 'Google Client Secret', 'en', 1),
(807, 'login_with_google', 1, 'Login with Google', 'en', 0),
(808, 'facebook_client_secret', 1, 'Facebook APP Secret', 'en', 1),
(809, 'you_have_received_new_booking', 1, 'You have received a new booking! Here are the details:', 'en', 0),
(810, 'add_your_property', 1, 'Add your Property', 'en', 0),
(811, 'upgrade_completed', 1, 'Upgrade Completed', 'en', 0),
(812, 'upgrade_request_confirm', 1, 'Are you sure you want to request an upgrade for your account?', 'en', 0),
(813, 'allow_add_property_button', 1, 'Show Add Property Button', 'en', 0),
(814, 'account_updated', 1, 'Account successfully updated!', 'en', 0),
(815, 'register_owner_directly', 1, 'Allow owners to be registered directly?', 'en', 0),
(816, 'register_as_owner', 1, 'Register as an Owner?', 'en', 0),
(817, 'success_close', 1, 'Successfully closed!', 'en', 0),
(818, 'message_received', 1, 'Message Received', 'en', 0),
(819, 'message_login_to_reply', 1, 'Login to your account so you can read and reply to this message.', 'en', 0),
(820, 'success_message_sent', 1, 'You have sent your message!', 'en', 0),
(821, 'message', 1, 'Message', 'en', 0),
(822, 'messages', 1, 'Messages', 'en', 0),
(823, 'back', 1, 'Back', 'en', 0),
(824, 'between', 1, 'Between', 'en', 0),
(825, 'reply', 1, 'Reply', 'en', 0),
(826, 'write_your_message', 1, 'Write your message here.', 'en', 0),
(827, 'created', 1, 'Created', 'en', 0),
(828, 'updated', 1, 'Updated', 'en', 0),
(829, 'message_close_confirm', 1, 'Are you sure you want to close this thread?', 'en', 0),
(830, 'enable_messages', 1, 'Enable Messaging?', 'en', 0);


/*!40101 SET CHARACTER_SET_CLIENT=@OLD_CHARACTER_SET_CLIENT */;
/*!40101 SET CHARACTER_SET_RESULTS=@OLD_CHARACTER_SET_RESULTS */;
/*!40101 SET COLLATION_CONNECTION=@OLD_COLLATION_CONNECTION */;
